index,price
0,106.94834
1,133.86107
2,67.71869
3,55.226475
4,184.42308
5,106.73325
6,62.384094
7,126.99468
8,120.78137
9,106.720604
10,139.60146
11,82.12082
12,63.61346
13,209.75421
14,110.54394
15,68.11573
16,124.95326
17,134.73297
18,156.88803
19,99.96037
20,147.22906
21,177.1885
22,161.359
23,116.03215
24,98.574265
25,119.194084
26,80.973175
27,263.86987
28,160.24022
29,95.72101
30,152.45503
31,177.95654
32,166.60268
33,113.45802
34,84.22435
35,113.13601
36,83.83735
37,82.666336
38,348.0393
39,312.4816
40,333.19736
41,141.71303
42,227.9759
43,90.02057
44,190.11313
45,84.279045
46,331.89395
47,198.39478
48,351.49435
49,131.5776
50,76.037125
51,151.14748
52,137.42917
53,140.78189
54,109.576294
55,136.71431
56,118.05156
57,155.29686
58,159.16681
59,137.73643
60,222.01395
61,75.8558
62,60.613453
63,133.0524
64,196.70834
65,72.37835
66,155.00555
67,108.90295
68,140.10284
69,122.959885
70,161.08417
71,168.8095
72,140.3195
73,233.29604
74,72.87772
75,71.776726
76,133.17442
77,199.91634
78,78.08139
79,159.76088
80,183.50607
81,184.88329
82,267.29388
83,65.14811
84,125.47958
85,115.55963
86,215.0762
87,146.68881
88,106.48741
89,147.87566
90,74.20243
91,110.44481
92,136.1937
93,137.73318
94,162.32036
95,178.13034
96,140.64127
97,247.36377
98,69.78517
99,68.574554
100,129.79492
101,207.69933
102,76.44192
103,161.37912
104,108.61836
105,136.47505
106,136.2013
107,161.44734
108,166.22282
109,139.35797
110,268.76334
111,84.96701
112,63.59004
113,130.68289
114,224.29271
115,74.80481
116,175.02686
117,183.09857
118,201.96318
119,227.48518
120,47.086037
121,130.52013
122,105.57293
123,171.02278
124,164.99873
125,110.3918
126,151.91373
127,74.23788
128,153.26479
129,150.04619
130,83.0475
131,122.85678
132,248.10074
133,299.88898
134,83.26606
135,136.93265
136,225.5117
137,331.15054
138,135.08429
139,75.814255
140,157.44049
141,129.90901
142,68.69703
143,132.31454
144,103.904495
145,148.00688
146,81.284706
147,100.35724
148,80.189514
149,111.35676
150,108.65993
151,155.58499
152,98.08325
153,101.98404
154,155.60588
155,127.19935
156,128.96893
157,78.22315
158,123.78421
159,183.23451
160,153.25682
161,258.54645
162,257.65796
163,156.02963
164,159.40216
165,156.43626
166,115.235466
167,122.23384
168,78.28794
169,118.14409
170,163.6284
171,161.91731
172,268.94992
173,250.36679
174,171.43762
175,161.91731
176,299.50772
177,273.7921
178,301.80408
179,127.53097
180,198.04219
181,83.395775
182,183.27194
183,90.50785
184,266.4562
185,180.11821
186,298.19482
187,309.1918
188,270.36902
189,301.28134
190,134.51245
191,196.27858
192,81.10658
193,182.22835
194,91.42147
195,286.07272
196,181.44
197,332.27078
198,295.20813
199,278.527
200,307.81424
201,137.16637
202,201.04791
203,86.012566
204,180.97585
205,88.16817
206,287.84146
207,186.83574
208,332.72153
209,321.39087
210,281.24026
211,316.58493
212,135.88947
213,211.6376
214,84.26645
215,183.2957
216,96.436424
217,291.65622
218,189.8829
219,325.5552
220,223.31029
221,94.98043
222,292.09125
223,401.38907
224,351.16263
225,436.75616
226,125.66361
227,136.97147
228,371.78073
229,351.16263
230,252.82336
231,81.59898
232,122.60611
233,105.96042
234,129.8499
235,161.56941
236,119.25198
237,128.28711
238,108.69628
239,84.73794
240,188.03183
241,104.26441
242,97.03209
243,121.39899
244,166.52328
245,95.69856
246,89.26483
247,102.59488
248,89.04191
249,194.08128
250,87.24895
251,307.25928
252,114.07646
253,201.73521
254,106.70935
255,144.70547
256,67.141685
257,54.05021
258,193.93501
259,106.12883
260,65.62978
261,119.54985
262,122.46347
263,107.30795
264,139.42079
265,77.20323
266,64.13847
267,210.44016
268,111.00816
269,68.230095
270,124.38366
271,134.1731
272,110.91906
273,136.80342
274,69.84076
275,69.27589
276,201.67686
277,109.45562
278,76.454445
279,136.19847
280,136.19847
281,62.968967
282,261.59827
283,117.42781
284,188.16449
285,150.47806
286,144.74287
287,115.167564
288,116.57628
289,182.3699
290,286.5413
291,74.63227
292,201.84172
293,149.5634
294,152.3084
295,113.76932
296,118.44923
297,197.11865
298,293.49188
299,75.759674
300,355.7238
301,359.66052
302,236.45268
303,355.7238
304,112.94347
305,289.36133
306,217.53006
307,126.695915
308,76.16025
309,98.01749
310,54.686638
311,47.942795
312,83.53807
313,92.91863
314,98.2046
315,62.07763
316,45.6527
317,84.84838
318,91.0377
319,90.60259
320,60.831486
321,55.061176
322,86.10969
323,98.742935
324,254.28645
325,155.5442
326,98.21895
327,146.97754
328,171.48053
329,169.37193
330,108.51267
331,85.69214
332,111.83694
333,79.22166
334,82.29754
335,116.66355
336,96.146355
337,131.16309
338,158.5769
339,93.66531
340,129.49698
341,95.11162
342,80.05307
343,183.61049
344,107.559074
345,156.95293
346,64.061264
347,62.241074
348,221.95187
349,104.823845
350,69.88642
351,135.63214
352,135.63214
353,89.91173
354,65.12991
355,110.7546
356,45.46066
357,110.73007
358,141.30794
359,73.853355
360,59.017822
361,192.55476
362,110.66882
363,66.56648
364,131.52502
365,123.99713
366,85.13044
367,289.61758
368,124.52837
369,191.38736
370,72.32525
371,79.72294
372,118.29581
373,77.31731
374,68.576324
375,92.440315
376,77.79477
377,79.72294
378,62.656864
379,96.57367
380,198.72726
381,208.70255
382,249.43082
383,61.975296
384,131.07777
385,122.16043
386,220.6739
387,176.51605
388,111.22772
389,192.3029
390,78.98528
391,107.134705
392,141.01814
393,83.56843
394,85.606804
395,89.08781
396,103.47754
397,107.47342
398,155.44664
399,76.81644
400,100.91778
401,131.37895
402,410.2679
403,134.4646
404,110.08768
405,81.11313
406,238.42711
407,391.0139
408,234.15317
409,189.97298
410,403.32016
411,330.38205
412,196.93542
413,364.3619
414,403.32016
415,153.22476
416,129.43767
417,133.78583
418,104.77859
419,108.02223
420,155.10103
421,219.82129
422,68.70257
423,289.33044
424,268.2046
425,267.58234
426,122.87987
427,191.05542
428,78.72754
429,171.60582
430,81.7107
431,269.34418
432,170.83575
433,275.6265
434,62.046066
435,72.01155
436,115.023155
437,81.30064
438,86.02526
439,73.10961
440,62.046066
441,65.89233
442,184.55502
443,215.7121
444,224.59807
445,43.6843
446,144.67278
447,114.303764
448,191.08324
449,175.69824
450,109.43964
451,172.38338
452,75.82927
453,83.2674
454,47.4671
455,195.27841
456,227.53883
457,240.15431
458,48.659027
459,146.95761
460,119.38164
461,200.30722
462,180.33292
463,112.15234
464,177.6095
465,79.298134
466,78.01514
467,44.707493
468,43.26703
469,85.34059
470,58.055576
471,99.067924
472,45.60405
473,82.81997
474,82.99081
475,112.87303
476,71.04579
477,64.9341
478,86.32855
479,84.96712
480,80.573296
481,61.858147
482,84.96712
483,313.1571
484,278.03262
485,307.2943
486,135.13628
487,200.09703
488,84.89304
489,184.02956
490,89.72625
491,289.33667
492,182.4986
493,336.8596
494,154.26941
495,117.30762
496,125.58757
497,80.61814
498,121.64116
499,182.21056
500,157.0316
501,277.76938
502,266.14545
503,169.96304
504,161.54367
505,140.84343
506,145.53876
507,88.16811
508,62.419086
509,48.379498
510,87.81093
511,91.39899
512,164.24878
513,146.91153
514,144.86456
515,107.94824
516,110.33662
517,161.44058
518,233.27177
519,77.905
520,211.70601
521,92.02763
522,284.04742
523,392.45627
524,342.72653
525,428.6082
526,118.61784
527,126.08372
528,379.11243
529,342.72653
530,247.93457
531,83.10471
532,125.37036
533,124.33185
534,197.65433
535,115.564964
536,221.89973
537,162.93272
538,79.06787
539,186.85777
540,307.11786
541,289.90692
542,316.94196
543,140.40553
544,209.2953
545,89.28764
546,188.6642
547,95.82386
548,300.5166
549,192.4528
550,345.67618
551,193.8163
552,199.16353
553,264.01328
554,62.547474
555,128.38794
556,117.76152
557,217.97606
558,145.50229
559,108.75883
560,192.03993
561,78.90383
562,113.160095
563,111.58684
564,78.315956
565,123.50076
566,120.19875
567,78.315956
568,64.23936
569,90.04381
570,74.256165
571,116.89215
572,72.53674
573,66.54392
574,88.06228
575,79.93834
576,90.04381
577,57.844975
578,82.102165
579,85.13044
580,289.61758
581,124.79117
582,191.38736
583,118.83858
584,119.33867
585,202.63562
586,108.834564
587,224.22305
588,155.34294
589,75.59365
590,194.80191
591,90.637634
592,66.56359
593,110.368416
594,45.853596
595,79.61997
596,50.78527
597,43.8262
598,84.77125
599,51.899807
600,96.91061
601,44.793655
602,62.390224
603,121.48901
604,259.90417
605,328.98172
606,210.7238
607,89.54866
608,253.64005
609,391.24594
610,341.55234
611,353.89078
612,133.5424
613,137.9085
614,370.24182
615,341.55234
616,252.61551
617,82.05064
618,128.07556
619,125.939644
620,200.12929
621,111.97276
622,216.85027
623,165.30441
624,79.62511
625,189.97458
626,92.581116
627,62.456745
628,48.40447
629,83.47564
630,85.682465
631,85.79286
632,59.934475
633,53.812286
634,80.84587
635,91.78139
636,181.7072
637,226.77957
638,236.03276
639,52.60064
640,124.746445
641,104.461815
642,198.98201
643,185.92207
644,107.32487
645,172.17226
646,75.190216
647,83.34058
648,308.13693
649,111.45758
650,201.62047
651,321.81494
652,288.41373
653,316.64288
654,141.05302
655,208.89809
656,87.52353
657,186.54399
658,93.07468
659,304.0104
660,191.16943
661,346.1862
662,153.31378
663,151.36089
664,143.582
665,168.95406
666,157.95534
667,133.18831
668,99.49281
669,112.033264
670,83.74886
671,103.51386
672,142.6068
673,80.23008
674,91.515305
675,77.63322
676,105.9253
677,106.377106
678,153.83781
679,76.8644
680,91.515305
681,96.80466
682,60.48683
683,108.78594
684,49.374233
685,401.1399
686,393.9983
687,304.00702
688,430.29816
689,393.9983
690,402.85672
691,283.68744
692,291.1069
693,356.08664
694,385.7328
695,194.81767
696,215.35333
697,260.56323
698,62.329533
699,131.08102
700,121.630646
701,223.08423
702,175.47972
703,112.46193
704,195.81958
705,78.24398
706,121.79692
707,118.79209
708,186.9524
709,113.00562
710,207.55397
711,155.55838
712,75.57661
713,176.96965
714,216.50468
715,89.79394
716,232.03583
717,395.33063
718,340.3705
719,346.50146
720,123.226456
721,115.81927
722,385.04465
723,340.3705
724,244.57736
725,81.00244
726,155.65533
727,153.55298
728,99.72898
729,136.16116
730,83.03585
731,90.17801
732,77.33309
733,107.1348
734,108.60774
735,149.58427
736,84.0256
737,90.17801
738,110.34767
739,134.05492
740,134.05492
741,155.25574
742,175.23552
743,131.07652
744,252.62961
745,68.70872
746,67.73689
747,127.457405
748,214.2112
749,74.90849
750,164.7687
751,425.8085
752,416.98062
753,376.20993
754,446.94934
755,416.98062
756,445.15472
757,290.507
758,287.48465
759,380.77682
760,406.71213
761,140.34172
762,147.95206
763,340.16132
764,345.65924
765,217.16774
766,340.16132
767,108.58612
768,341.90845
769,203.84323
770,115.2377
771,75.311005
772,326.866
773,339.0241
774,245.72133
775,326.866
776,117.759575
777,313.38577
778,234.02321
779,112.27062
780,71.39583
781,325.56076
782,336.19534
783,269.6414
784,325.56076
785,112.40722
786,334.23996
787,215.46872
788,120.552956
789,70.643845
790,131.27548
791,73.11024
792,140.43996
793,120.889565
794,100.96758
795,121.8338
796,157.64902
797,113.13261
798,94.62175
799,103.818405
800,84.67883
801,187.62627
802,88.73554
803,58.434696
804,97.739586
805,46.482754
806,249.54301
807,124.221535
808,140.26578
809,124.221535
810,360.2589
811,367.9925
812,276.14258
813,360.2589
814,126.327324
815,371.04483
816,275.46344
817,119.84847
818,77.24819
819,165.97433
820,139.93451
821,143.13068
822,106.81632
823,108.40005
824,160.65459
825,226.16397
826,69.54396
827,184.6039
828,202.35536
829,239.00517
830,59.69908
831,123.4059
832,117.71015
833,208.91698
834,165.4617
835,107.35301
836,186.81322
837,74.530426
838,144.38583
839,97.993454
840,123.42959
841,166.79114
842,92.92771
843,174.95154
844,133.14272
845,103.66466
846,61.06684
847,260.08557
848,113.1098
849,249.09483
850,84.82361
851,258.22467
852,428.5442
853,437.48434
854,437.48434
855,130.98428
856,136.61836
857,413.12442
858,437.48434
859,219.14694
860,79.93577
861,128.8416
862,399.33362
863,125.33075
864,105.29162
865,78.15967
866,232.07895
867,384.60208
868,227.93784
869,181.33353
870,396.36557
871,328.11246
872,194.10297
873,354.74518
874,396.36557
875,197.7732
876,149.78311
877,150.92061
878,112.45754
879,119.42855
880,197.28445
881,293.46497
882,76.10829
883,309.9355
884,273.22522
885,303.96356
886,134.64742
887,196.98184
888,82.661964
889,176.72554
890,89.46571
891,287.03314
892,182.28532
893,333.11194
894,135.49991
895,76.877785
896,108.62916
897,159.40738
898,102.99601
899,166.01237
900,128.58434
901,104.64713
902,342.18365
903,290.40857
904,324.4758
905,342.49203
906,412.72226
907,424.31735
908,278.50653
909,295.9155
910,366.27737
911,380.90094
912,123.3391
913,346.1537
914,128.25203
915,97.21032
916,79.61607
917,238.47037
918,328.3864
919,236.4774
920,162.92162
921,389.492
922,318.38913
923,210.12802
924,320.07132
925,389.492
926,343.7488
927,289.53506
928,323.9338
929,342.1689
930,411.49268
931,422.36847
932,279.1314
933,296.04642
934,365.5909
935,379.70993
936,232.76158
937,97.1231
938,299.3588
939,424.27924
940,381.52917
941,459.8858
942,126.103035
943,127.56186
944,396.52582
945,381.52917
946,256.6926
947,85.95579
948,260.30002
949,150.14626
950,83.30488
951,146.92384
952,173.87788
953,160.87074
954,110.49168
955,79.51193
956,112.733925
957,82.066124
958,79.71687
959,125.221085
960,71.147964
961,101.54902
962,249.93495
963,114.9228
964,151.81517
965,120.68503
966,72.38829
967,110.8685
968,75.14608
969,127.95309
970,69.11586
971,76.606186
972,71.371826
973,85.43464
974,123.71422
975,246.03893
976,313.02917
977,91.927704
978,58.45945
979,43.876625
980,80.40205
981,84.63135
982,364.35214
983,405.8428
984,333.13553
985,436.58923
986,405.8428
987,415.012
988,287.83957
989,302.80753
990,355.59625
991,374.53552
992,159.58276
993,118.79762
994,121.91681
995,80.56059
996,123.34688
997,181.14787
998,158.91112
999,282.01404
1000,269.5323
1001,172.27882
1002,162.77217
1003,403.75427
1004,400.6221
1005,321.10828
1006,432.2484
1007,400.6221
1008,410.08466
1009,284.9904
1010,295.47415
1011,358.95465
1012,389.1944
1013,159.70795
1014,157.16364
1015,130.68468
1016,69.80417
1017,129.4183
1018,161.31769
1019,138.021
1020,139.95657
1021,113.43279
1022,114.336655
1023,162.22536
1024,231.17781
1025,75.476036
1026,73.71081
1027,121.21358
1028,249.07802
1029,317.91086
1030,133.5595
1031,64.376434
1032,72.08622
1033,105.67655
1034,108.08161
1035,152.18239
1036,97.28592
1037,77.13943
1038,341.38095
1039,381.0789
1040,315.6589
1041,421.29565
1042,381.0789
1043,393.22723
1044,275.62106
1045,291.54718
1046,336.70663
1047,355.2322
1048,394.7359
1049,389.0709
1050,353.15726
1051,417.24362
1052,389.0709
1053,416.92102
1054,281.14062
1055,284.02408
1056,355.61343
1057,382.43353
1058,192.08318
1059,203.19296
1060,240.55943
1061,61.165314
1062,128.27414
1063,121.329834
1064,215.66862
1065,173.29453
1066,109.44285
1067,187.12845
1068,78.1325
1069,409.22232
1070,409.2319
1071,305.93747
1072,435.5801
1073,409.2319
1074,417.66232
1075,282.98587
1076,291.2503
1077,369.67075
1078,395.8584
1079,249.99667
1080,114.28602
1081,152.59505
1082,120.74484
1083,290.20364
1084,269.48138
1085,268.5383
1086,122.24626
1087,191.31267
1088,78.27225
1089,170.24127
1090,80.69795
1091,270.0294
1092,170.07245
1093,276.9359
1094,235.43593
1095,99.50802
1096,294.3165
1097,421.1084
1098,374.04208
1099,455.4504
1100,136.03287
1101,131.86005
1102,396.38568
1103,374.04208
1104,256.52408
1105,86.105034
1106,192.31256
1107,212.543
1108,256.6596
1109,61.31606
1110,127.63539
1111,119.620415
1112,220.23036
1113,173.34135
1114,110.11168
1115,194.13916
1116,76.93932
1117,190.50352
1118,205.35423
1119,235.56291
1120,52.8948
1121,137.47855
1122,104.02782
1123,175.1373
1124,170.92183
1125,108.90671
1126,158.3771
1127,75.6269
1128,108.75754
1129,143.68199
1130,85.3485
1131,87.53345
1132,89.92289
1133,105.39024
1134,109.13944
1135,158.48126
1136,78.78661
1137,102.061584
1138,111.49933
1139,156.98445
1140,67.28888
1141,57.83152
1142,212.78607
1143,113.25095
1144,73.82466
1145,128.03876
1146,138.32564
1147,192.40343
1148,203.77621
1149,244.82767
1150,61.11372
1151,128.46642
1152,117.61279
1153,214.27411
1154,173.66148
1155,110.58571
1156,187.79033
1157,77.18995
1158,93.41418
1159,61.61961
1160,45.118748
1161,81.69448
1162,86.36437
1163,64.94682
1164,281.41443
1165,118.20865
1166,63.944042
1167,260.16846
1168,114.58057
1169,187.88843
1170,194.80263
1171,250.48073
1172,61.929752
1173,124.64973
1174,118.70039
1175,209.83372
1176,142.96838
1177,107.57948
1178,186.86624
1179,73.52612
1180,102.82754
1181,146.49373
1182,85.337944
1183,81.43784
1184,71.955894
1185,108.152016
1186,107.59923
1187,154.88406
1188,109.9556
1189,92.42647
1190,406.18823
1191,410.30246
1192,358.00812
1193,423.36472
1194,410.30246
1195,418.22647
1196,283.57816
1197,281.64972
1198,372.29025
1199,367.74994
1200,140.84924
1201,82.129906
1202,97.13386
1203,165.51917
1204,106.998886
1205,176.24228
1206,134.03407
1207,109.71063
1208,113.30235
1209,124.52138
1210,194.17464
1211,102.99197
1212,201.38402
1213,143.06781
1214,84.27875
1215,178.24255
1216,87.78006
1217,53.113575
1218,49.65547
1219,87.476555
1220,89.55747
1221,62.571823
1222,267.7812
1223,111.410225
1224,109.705956
1225,133.94807
1226,135.0468
1227,158.38153
1228,175.84442
1229,138.14638
1230,235.37805
1231,68.34399
1232,67.91237
1233,127.16121
1234,200.80403
1235,77.204155
1236,158.893
1237,289.8125
1238,270.18515
1239,268.24496
1240,122.095276
1241,190.51698
1242,76.830246
1243,170.84207
1244,80.21908
1245,270.21292
1246,168.48848
1247,276.77966
1248,325.21002
1249,339.86307
1250,267.52808
1251,325.21002
1252,109.85318
1253,336.11282
1254,217.40161
1255,116.090935
1256,71.57806
1257,107.96027
1258,147.84695
1259,86.49053
1260,99.35588
1261,81.61373
1262,110.57115
1263,109.464775
1264,160.31221
1265,87.982185
1266,99.35588
1267,131.71545
1268,372.37778
1269,127.568924
1270,113.760185
1271,86.96878
1272,223.62181
1273,270.39102
1274,246.12338
1275,184.87486
1276,394.7572
1277,302.43893
1278,224.75342
1279,317.42432
1280,394.7572
1281,86.86641
1282,289.77423
1283,123.185745
1284,192.85823
1285,346.98526
1286,298.51532
1287,328.95605
1288,347.12613
1289,412.86447
1290,338.9036
1291,281.0056
1292,303.86322
1293,363.33514
1294,351.81067
1295,102.42922
1296,142.28558
1297,81.813614
1298,80.69458
1299,71.42714
1300,106.099846
1301,105.692314
1302,152.15652
1303,100.94922
1304,88.75187
1305,87.1176
1306,313.04416
1307,114.63645
1308,212.327
1309,63.500042
1310,262.07275
1311,116.84636
1312,106.05136
1313,108.28738
1314,60.563843
1315,70.13743
1316,128.7259
1317,122.88686
1318,169.9087
1319,61.124714
1320,111.482735
1321,72.55083
1322,271.83072
1323,119.7281
1324,153.51721
1325,130.39809
1326,87.43014
1327,56.261196
1328,98.4418
1329,44.84005
1330,110.780235
1331,150.5003
1332,69.53411
1333,57.771667
1334,200.46933
1335,110.354866
1336,67.65141
1337,123.563065
1338,125.93836
1339,89.73521
1340,59.912674
1341,103.72421
1342,46.352463
1343,313.83557
1344,289.69556
1345,319.86926
1346,136.00754
1347,212.86179
1348,88.3485
1349,196.09106
1350,92.865616
1351,280.71503
1352,187.01416
1353,314.40826
1354,162.79176
1355,147.70692
1356,145.77881
1357,109.41577
1358,111.67478
1359,160.29277
1360,241.23021
1361,74.68202
1362,99.59529
1363,96.98772
1364,109.84326
1365,158.68906
1366,95.467186
1367,103.82799
1368,118.17556
1369,80.57477
1370,187.07541
1371,252.0024
1372,146.01984
1373,89.67448
1374,142.16385
1375,171.06258
1376,156.77219
1377,102.344246
1378,84.710625
1379,101.86616
1380,76.460075
1381,77.5154
1382,134.53195
1383,64.208664
1384,73.375374
1385,100.007195
1386,112.195435
1387,152.29868
1388,99.57055
1389,77.71219
1390,133.53342
1391,106.7223
1392,98.05426
1393,149.60522
1394,91.27986
1395,169.36214
1396,124.445786
1397,98.64434
1398,62.046066
1399,72.01155
1400,115.023155
1401,81.30064
1402,86.02526
1403,73.10961
1404,62.046066
1405,65.89233
1406,251.55943
1407,147.18806
1408,97.465096
1409,140.20067
1410,170.11966
1411,155.5103
1412,106.05223
1413,86.63651
1414,104.56136
1415,76.62815
1416,78.404785
1417,93.90922
1418,355.91025
1419,127.239876
1420,224.67384
1421,199.84158
1422,149.11899
1423,151.433
1424,111.30468
1425,118.45686
1426,196.52124
1427,293.1353
1428,74.174995
1429,189.76883
1430,212.18611
1431,237.83473
1432,50.763954
1433,136.23752
1434,110.690895
1435,173.51402
1436,171.48677
1437,110.34651
1438,152.07599
1439,76.65355
1440,298.26392
1441,284.86682
1442,311.1189
1443,137.13724
1444,204.7126
1445,85.268166
1446,185.56436
1447,91.103424
1448,291.90045
1449,187.31229
1450,337.52408
1451,69.576
1452,120.71701
1453,244.60445
1454,304.66092
1455,334.17676
1456,343.28204
1457,262.5085
1458,334.17676
1459,115.17389
1460,341.61234
1461,264.79565
1462,106.868805
1463,72.468956
1464,178.514
1465,181.79463
1466,257.73914
1467,63.748768
1468,123.231834
1469,120.01443
1470,210.43298
1471,143.75458
1472,104.48379
1473,146.51091
1474,71.66256
1475,119.23213
1476,118.83608
1477,202.15479
1478,106.88399
1479,224.11024
1480,154.60068
1481,75.99537
1482,195.05852
1483,187.88843
1484,194.80263
1485,250.48073
1486,61.929752
1487,124.64973
1488,118.70039
1489,209.83372
1490,142.96838
1491,107.57948
1492,186.86624
1493,73.52612
1494,126.78342
1495,375.65387
1496,131.82294
1497,112.98938
1498,86.15615
1499,226.85216
1500,360.87036
1501,227.43758
1502,183.15234
1503,384.51688
1504,319.46927
1505,192.20944
1506,344.8283
1507,384.51688
1508,62.448166
1509,259.73102
1510,114.73419
1511,254.54367
1512,87.60768
1513,259.4381
1514,457.60168
1515,477.12216
1516,477.12216
1517,138.75197
1518,138.67456
1519,431.94406
1520,477.12216
1521,223.84943
1522,85.53297
1523,150.6844
1524,156.35292
1525,140.15248
1526,165.6692
1527,154.35664
1528,133.26613
1529,93.41423
1530,111.99057
1531,83.08722
1532,335.9417
1533,342.25967
1534,262.40152
1535,335.9417
1536,115.28971
1537,340.84186
1538,260.07837
1539,108.560165
1540,72.67538
1541,353.45883
1542,362.20197
1543,230.07835
1544,353.45883
1545,118.533356
1546,358.7498
1547,216.10603
1548,128.24141
1549,83.74869
1550,103.62419
1551,143.682
1552,86.19257
1553,88.66424
1554,77.70257
1555,112.40833
1556,112.283035
1557,155.782
1558,80.29672
1559,88.66424
1560,131.53955
1561,378.61423
1562,124.560135
1563,116.91145
1564,91.07872
1565,241.3484
1566,282.78183
1567,267.00177
1568,187.41176
1569,353.70157
1570,318.3785
1571,200.64247
1572,321.83917
1573,274.77914
1574,275.24854
1575,123.2856
1576,149.92448
1577,121.89459
1578,210.60033
1579,88.555115
1580,249.8201
1581,391.7477
1582,336.99103
1583,351.11118
1584,119.13008
1585,132.01764
1586,377.62283
1587,336.99103
1588,252.00351
1589,82.00752
1590,267.95688
1591,155.89903
1592,87.863464
1593,152.6016
1594,181.48279
1595,166.7297
1596,115.15076
1597,84.21236
1598,115.31697
1599,84.41266
1600,82.628395
1601,82.270065
1602,284.80362
1603,107.98532
1604,190.3121
1605,102.58738
1606,104.29114
1607,58.199142
1608,63.272064
1609,123.73993
1610,118.606026
1611,161.95447
1612,56.47956
1613,107.942276
1614,71.10279
1615,161.28653
1616,119.8639
1617,130.70963
1618,83.1788
1619,125.72466
1620,174.76483
1621,169.44272
1622,278.67087
1623,261.20972
1624,175.1296
1625,169.44272
1626,256.54572
1627,128.25148
1628,142.41257
1629,128.25148
1630,89.23031
1631,64.13056
1632,49.21721
1633,90.21413
1634,92.777794
1635,196.98427
1636,211.91655
1637,239.708
1638,54.642223
1639,135.49794
1640,104.25152
1641,177.35939
1642,173.32242
1643,110.59515
1644,157.0251
1645,75.51639
1646,276.45468
1647,129.83185
1648,160.598
1649,129.12025
1650,231.95207
1651,94.42485
1652,297.50052
1653,408.86142
1654,355.904
1655,368.50052
1656,131.0947
1657,132.9672
1658,370.38098
1659,355.904
1660,264.09702
1661,84.4005
1662,186.8996
1663,185.53082
1664,271.80582
1665,63.985245
1666,128.98572
1667,121.06174
1668,218.0733
1669,145.88841
1670,109.50978
1671,150.14761
1672,78.81205
1673,127.1978
1674,360.15234
1675,120.799965
1676,110.798584
1677,85.86872
1678,224.77821
1679,295.87573
1680,247.91673
1681,181.30156
1682,384.87454
1683,271.83536
1684,226.07004
1685,289.57608
1686,384.87454
1687,157.71033
1688,167.69496
1689,147.35637
1690,177.674
1691,161.88461
1692,143.02702
1693,103.24058
1694,115.78723
1695,87.56756
1696,107.22098
1697,104.50323
1698,188.16606
1699,103.387375
1700,183.04742
1701,135.02069
1702,93.82582
1703,172.35583
1704,342.93143
1705,348.70828
1706,222.38824
1707,342.93143
1708,110.090904
1709,273.992
1710,204.38321
1711,123.14485
1712,72.239624
1713,348.84003
1714,292.9257
1715,326.63284
1716,342.61044
1717,417.24176
1718,428.71533
1719,279.1333
1720,297.7624
1721,369.79456
1722,387.5677
1723,133.05222
1724,81.06897
1725,105.16806
1726,158.48994
1727,104.26332
1728,165.35956
1729,127.37964
1730,101.88196
1731,333.8063
1732,341.15695
1733,236.08536
1734,333.8063
1735,110.244934
1736,319.73788
1737,183.6643
1738,114.90023
1739,71.0153
1740,112.7496
1741,144.00067
1742,68.214195
1743,59.88353
1744,194.93472
1745,114.234276
1746,68.564445
1747,131.53809
1748,125.06739
1749,114.4382
1750,141.74591
1751,141.74591
1752,157.55362
1753,181.7644
1754,135.74332
1755,262.7073
1756,69.29395
1757,70.94838
1758,133.06242
1759,224.38953
1760,77.40552
1761,172.6876
1762,91.927704
1763,58.45945
1764,43.876625
1765,80.40205
1766,84.63135
1767,308.2109
1768,271.07248
1769,305.93698
1770,129.93297
1771,202.91841
1772,80.52187
1773,176.31096
1774,90.78958
1775,279.91406
1776,182.86136
1777,312.3334
1778,109.06539
1779,147.71344
1780,76.693115
1781,61.6771
1782,218.73761
1783,109.06539
1784,68.941666
1785,130.1753
1786,128.57277
1787,96.57986
1788,128.56375
1789,258.48856
1790,306.681
1791,260.187
1792,117.9278
1793,157.57172
1794,127.527435
1795,111.896286
1796,139.91684
1797,133.51215
1798,158.53865
1799,176.42851
1800,135.3393
1801,240.58904
1802,93.762276
1803,68.176254
1804,133.09676
1805,206.528
1806,78.6914
1807,164.07332
1808,130.90955
1809,412.40714
1810,128.29385
1811,107.79289
1812,80.23835
1813,236.11168
1814,392.9135
1815,234.42722
1816,188.46968
1817,411.45126
1818,334.03244
1819,196.75359
1820,363.33557
1821,411.45126
1822,90.86609
1823,56.745243
1824,48.23338
1825,82.72226
1826,84.78518
1827,399.26175
1828,399.5872
1829,363.68607
1830,432.08188
1831,399.5872
1832,421.311
1833,282.11444
1834,286.16708
1835,362.15146
1836,392.4249
1837,78.910934
1838,42.829628
1839,41.70437
1840,109.796715
1841,110.29344
1842,60.09143
1843,58.78067
1844,125.45523
1845,122.30091
1846,170.16733
1847,68.86865
1848,112.75612
1849,77.06751
1850,348.27075
1851,350.94745
1852,268.6642
1853,348.27075
1854,106.9731
1855,318.3639
1856,230.57974
1857,104.505005
1858,75.88414
1859,181.02078
1860,214.70822
1861,239.79002
1862,49.785976
1863,142.78024
1864,110.741776
1865,190.39328
1866,179.74052
1867,108.55911
1868,173.64424
1869,74.89735
1870,60.815086
1871,237.0772
1872,117.81903
1873,335.9799
1874,343.6076
1875,236.09558
1876,335.9799
1877,107.338684
1878,326.72275
1879,184.15181
1880,111.88706
1881,71.05805
1882,155.649
1883,114.64836
1884,121.385704
1885,79.627846
1886,118.40057
1887,164.32587
1888,162.19629
1889,266.92014
1890,249.69151
1891,169.97517
1892,162.19629
1893,183.48051
1894,184.45691
1895,267.08966
1896,63.980667
1897,127.3989
1898,120.308266
1899,215.17667
1900,145.72606
1901,107.62632
1902,148.05716
1903,76.41494
1904,88.54374
1905,54.4436
1906,111.70566
1907,45.29699
1908,212.96434
1909,92.67843
1910,229.76086
1911,343.00235
1912,349.66583
1913,347.4549
1914,120.632065
1915,125.72413
1916,384.62964
1917,349.66583
1918,231.63753
1919,82.35251
1920,62.571823
1921,267.7812
1922,111.410225
1923,126.05517
1924,73.12158
1925,126.282936
1926,348.00308
1927,352.22586
1928,267.03848
1929,348.00308
1930,109.511375
1931,322.3388
1932,234.88742
1933,109.696785
1934,75.41149
1935,198.82828
1936,224.58417
1937,255.868
1938,54.10267
1939,141.36584
1940,116.437706
1941,200.2169
1942,185.25021
1943,110.94503
1944,180.01656
1945,77.42428
1946,86.3517
1947,65.34405
1948,88.48888
1949,46.35421
1950,109.324974
1951,134.63187
1952,117.70434
1953,153.2927
1954,157.72353
1955,136.04642
1956,218.13948
1957,74.07351
1958,58.1006
1959,131.25078
1960,194.04004
1961,70.38649
1962,154.1083
1963,93.06741
1964,62.068672
1965,48.61475
1966,83.78284
1967,85.663445
1968,129.84032
1969,74.862076
1970,104.072525
1971,133.13673
1972,135.10059
1973,149.85023
1974,114.38761
1975,115.739334
1976,88.86051
1977,125.19146
1978,182.9826
1979,159.0475
1980,285.77222
1981,261.91647
1982,160.87517
1983,158.52357
1984,148.07097
1985,88.01774
1986,140.71489
1987,168.7258
1988,153.60168
1989,108.070076
1990,90.976555
1991,111.87125
1992,77.46761
1993,274.69525
1994,134.764
1995,160.37971
1996,130.91162
1997,136.04
1998,107.875305
1999,102.63499
2000,150.31055
2001,93.95223
2002,170.21782
2003,125.50867
2004,102.94814
2005,211.1932
2006,93.44532
2007,288.29504
2008,388.21252
2009,338.9241
2010,352.3359
2011,128.28223
2012,140.14825
2013,332.7175
2014,338.9241
2015,252.45241
2016,79.80453
2017,134.12419
2018,381.9318
2019,125.790794
2020,111.873344
2021,94.801544
2022,247.4066
2023,358.23834
2024,267.1936
2025,194.09138
2026,410.9377
2027,323.75415
2028,234.31818
2029,316.05545
2030,410.9377
2031,344.77377
2032,350.1954
2033,226.35909
2034,344.77377
2035,109.12792
2036,276.87808
2037,206.83424
2038,124.291275
2039,73.81247
2040,225.63144
2041,95.83902
2042,280.9574
2043,402.01892
2044,353.09094
2045,430.83102
2046,117.66374
2047,126.67146
2048,373.44452
2049,353.09094
2050,242.12424
2051,81.74752
2052,85.00983
2053,120.84511
2054,250.24799
2055,313.112
2056,157.47202
2057,116.43636
2058,126.75904
2059,81.25264
2060,123.19396
2061,169.36238
2062,164.74103
2063,273.86328
2064,255.47783
2065,171.3704
2066,164.74103
2067,87.93186
2068,60.404835
2069,48.822247
2070,88.230125
2071,90.520805
2072,90.82636
2073,339.1969
2074,126.21253
2075,211.96007
2076,138.17673
2077,92.19407
2078,104.58937
2079,151.93465
2080,105.39062
2081,168.11032
2082,124.6795
2083,87.121895
2084,126.635635
2085,123.7777
2086,196.98224
2087,110.04798
2088,213.5726
2089,162.33354
2090,79.70615
2091,186.76398
2092,61.416065
2093,258.69296
2094,110.95397
2095,92.16801
2096,59.26725
2097,104.35127
2098,42.685776
2099,249.86319
2100,115.47418
2101,152.05841
2102,121.76657
2103,93.48828
2104,127.00145
2105,223.54564
2106,316.83414
2107,89.01571
2108,302.2105
2109,122.78533
2110,201.70522
2111,83.16595
2112,126.04029
2113,250.57458
2114,325.6721
2115,369.36533
2116,401.21973
2117,336.66574
2118,444.5875
2119,401.21973
2120,416.83215
2121,290.37982
2122,309.3893
2123,352.64508
2124,381.99368
2125,108.42277
2126,110.5534
2127,186.46431
2128,99.50425
2129,190.51456
2130,140.34328
2131,84.78911
2132,169.8106
2133,96.38636
2134,75.39818
2135,112.078026
2136,67.2052
2137,63.76136
2138,85.41612
2139,80.405205
2140,96.38636
2141,56.778904
2142,82.678215
2143,259.29712
2144,123.39963
2145,149.8312
2146,124.337036
2147,109.540085
2148,162.22548
2149,69.58319
2150,64.537346
2151,222.81305
2152,108.278564
2153,69.65169
2154,138.78828
2155,138.78828
2156,151.52089
2157,120.19731
2158,120.95301
2159,75.287415
2160,119.12325
2161,173.19745
2162,147.58162
2163,247.61993
2164,247.28227
2165,151.06923
2166,152.04762
2167,133.35864
2168,60.482212
2169,71.50175
2170,105.84461
2171,107.91771
2172,152.13121
2173,93.72861
2174,73.38936
2175,108.75754
2176,135.55516
2177,128.78973
2178,152.99167
2179,169.23517
2180,131.2138
2181,228.02208
2182,90.69615
2183,65.57553
2184,128.8007
2185,197.92598
2186,77.32039
2187,158.67323
2188,84.49917
2189,55.37425
2190,46.089626
2191,87.560486
2192,316.04846
2193,114.73182
2194,215.84871
2195,78.91517
2196,124.81179
2197,245.5269
2198,306.2209
2199,85.79286
2200,59.934475
2201,53.812286
2202,80.84587
2203,91.78139
2204,162.82097
2205,124.078
2206,124.94654
2207,77.43683
2208,122.07043
2209,176.30003
2210,156.21745
2211,273.6279
2212,256.60254
2213,159.74246
2214,158.80757
2215,107.376785
2216,156.4168
2217,70.737274
2218,63.146164
2219,220.92278
2220,104.790985
2221,70.307526
2222,135.71484
2223,135.71484
2224,86.23604
2225,69.36804
2226,116.58814
2227,68.59738
2228,66.00005
2229,88.215256
2230,77.03686
2231,86.23604
2232,57.4985
2233,82.02004
2234,191.88222
2235,198.14436
2236,258.97256
2237,62.410854
2238,124.677925
2239,116.95755
2240,214.03625
2241,142.34982
2242,108.925385
2243,188.84782
2244,75.55312
2245,214.57198
2246,93.327
2247,273.66034
2248,399.9505
2249,352.7951
2250,367.58478
2251,122.811905
2252,133.51735
2253,356.30176
2254,352.7951
2255,243.62053
2256,81.15194
2257,93.34189
2258,57.361298
2259,115.583496
2260,47.66879
2261,67.78632
2262,119.849915
2263,249.23334
2264,316.7824
2265,135.68803
2266,75.542366
2267,131.54526
2268,129.53668
2269,68.194016
2270,130.12427
2271,189.5652
2272,206.26689
2273,248.17372
2274,60.38563
2275,124.25288
2276,118.10285
2277,210.67447
2278,167.27138
2279,109.13079
2280,186.52815
2281,74.74855
2282,89.61782
2283,313.60617
2284,117.54789
2285,206.59174
2286,121.967445
2287,112.24829
2288,125.931465
2289,161.6073
2290,110.50272
2291,136.99959
2292,101.2232
2293,83.49667
2294,188.88588
2295,343.62698
2296,388.87393
2297,317.20056
2298,422.65775
2299,388.87393
2300,397.68607
2301,280.8975
2302,293.79495
2303,343.6861
2304,358.41864
2305,196.11073
2306,229.33539
2307,240.47444
2308,50.656464
2309,151.25102
2310,120.37514
2311,202.47253
2312,185.37422
2313,114.03937
2314,179.57251
2315,77.49874
2316,355.5284
2317,305.98035
2318,335.89752
2319,353.1629
2320,427.00955
2321,437.30466
2322,287.55972
2323,306.27255
2324,376.4896
2325,395.9825
2326,141.44203
2327,143.60193
2328,334.36334
2329,338.7649
2330,215.90997
2331,334.36334
2332,111.63566
2333,335.9101
2334,202.879
2335,120.629135
2336,75.08358
2337,107.22098
2338,104.50323
2339,188.16606
2340,103.387375
2341,183.04742
2342,135.02069
2343,93.82582
2344,172.35583
2345,104.98578
2346,148.6417
2347,67.009346
2348,55.883823
2349,201.53812
2350,106.59698
2351,70.95445
2352,122.61437
2353,132.04106
2354,261.3888
2355,157.89601
2356,91.999016
2357,143.42441
2358,177.84895
2359,163.70244
2360,108.433235
2361,74.352104
2362,109.15624
2363,80.13162
2364,83.718636
2365,128.29546
2366,68.50051
2367,129.7091
2368,184.9059
2369,201.73296
2370,241.46057
2371,60.3885
2372,122.18046
2373,118.54883
2374,207.47418
2375,164.98639
2376,106.534996
2377,184.36737
2378,72.43369
2379,85.788765
2380,60.994408
2381,53.01093
2382,80.78663
2383,91.95319
2384,227.34648
2385,95.92176
2386,244.82452
2387,419.79327
2388,353.8005
2389,362.44073
2390,128.96814
2391,124.04456
2392,410.33252
2393,353.8005
2394,253.56447
2395,83.08955
2396,308.2109
2397,271.07248
2398,305.93698
2399,129.93297
2400,202.91841
2401,80.52187
2402,176.31096
2403,90.78958
2404,279.91406
2405,182.86136
2406,312.3334
2407,191.69261
2408,206.3585
2409,236.08902
2410,52.937546
2411,135.26332
2412,105.580734
2413,170.00005
2414,169.97876
2415,107.43943
2416,153.43626
2417,74.75142
2418,196.63815
2419,225.75377
2420,238.9092
2421,49.596813
2422,140.78076
2423,111.35507
2424,199.68776
2425,181.01056
2426,110.29889
2427,175.41287
2428,78.498055
2429,334.4354
2430,343.41754
2431,234.95949
2432,334.4354
2433,108.50465
2434,322.82416
2435,183.65482
2436,113.80517
2437,71.91673
2438,64.355644
2439,74.40434
2440,112.290085
2441,72.38132
2442,64.33655
2443,88.55027
2444,72.36392
2445,74.40434
2446,60.293438
2447,88.57267
2448,123.56073
2449,361.19
2450,121.635376
2451,108.83003
2452,86.72516
2453,231.68845
2454,266.9116
2455,252.15996
2456,176.56027
2457,328.60007
2458,294.25314
2459,188.77705
2460,304.85544
2461,256.56317
2462,99.1593
2463,65.08501
2464,112.40629
2465,47.839912
2466,147.84932
2467,150.75847
2468,159.4448
2469,120.60008
2470,122.11136
2471,76.95659
2472,118.40997
2473,172.38623
2474,153.53421
2475,267.89905
2476,251.659
2477,155.7374
2478,156.36954
2479,139.41136
2480,142.77127
2481,256.20084
2482,133.74295
2483,146.58272
2484,133.74295
2485,69.36804
2486,76.47049
2487,114.84324
2488,82.64841
2489,66.474785
2490,90.80939
2491,69.36804
2492,69.36804
2493,59.78631
2494,86.23604
2495,95.311935
2496,61.40879
2497,116.11258
2498,45.393787
2499,334.36334
2500,338.7649
2501,215.90997
2502,334.36334
2503,111.63566
2504,335.9101
2505,202.879
2506,120.629135
2507,75.08358
2508,125.49127
2509,403.19437
2510,125.12892
2511,111.504486
2512,82.47548
2513,232.04202
2514,381.01672
2515,234.43472
2516,192.8988
2517,406.36383
2518,327.93018
2519,198.31577
2520,355.54733
2521,406.36383
2522,254.00424
2523,147.34975
2524,82.58535
2525,142.18036
2526,169.32373
2527,156.81253
2528,109.43706
2529,77.008286
2530,111.19821
2531,79.61243
2532,78.56269
2533,274.792
2534,128.74911
2535,152.90039
2536,125.0643
2537,159.75485
2538,156.81578
2539,115.957146
2540,142.28107
2541,143.65196
2542,166.21039
2543,184.89897
2544,145.08253
2545,259.62332
2546,75.37032
2547,72.39232
2548,133.51634
2549,217.79143
2550,79.58713
2551,168.82492
2552,72.788704
2553,72.124214
2554,115.140915
2555,82.24588
2556,84.045006
2557,72.788704
2558,70.52328
2559,73.832085
2560,102.99268
2561,134.33492
2562,80.08823
2563,89.1453
2564,86.73859
2565,100.564125
2566,103.8063
2567,150.88394
2568,71.371445
2569,100.53819
2570,64.355644
2571,74.40434
2572,112.290085
2573,72.38132
2574,64.33655
2575,88.55027
2576,72.36392
2577,74.40434
2578,60.293438
2579,88.57267
2580,88.13713
2581,308.74014
2582,111.620926
2583,202.79489
2584,92.89567
2585,61.846798
2586,106.82033
2587,45.92441
2588,81.85656
2589,42.537613
2590,41.362946
2591,63.944042
2592,260.16846
2593,114.58057
2594,83.6285
2595,52.708443
2596,94.9701
2597,45.610992
2598,345.45883
2599,367.88318
2600,335.11472
2601,382.90405
2602,415.17856
2603,433.8958
2604,296.83633
2605,308.08194
2606,371.27667
2607,385.71136
2608,83.594055
2609,61.17662
2610,50.60088
2611,88.31304
2612,86.52085
2613,215.32031
2614,89.7904
2615,228.5538
2616,338.01883
2617,348.33163
2618,346.6469
2619,113.21965
2620,122.93002
2621,390.82486
2622,348.33163
2623,233.2213
2624,81.01696
2625,109.21677
2626,108.577255
2627,68.86222
2628,119.009224
2629,116.494
2630,68.86222
2631,57.177647
2632,333.42154
2633,353.27814
2634,324.605
2635,371.3438
2636,393.41492
2637,413.76776
2638,278.91724
2639,294.95773
2640,348.7286
2641,370.87576
2642,138.405
2643,95.5761
2644,107.64158
2645,158.35983
2646,95.59675
2647,168.02296
2648,128.74901
2649,98.6373
2650,358.07733
2651,305.94827
2652,335.62442
2653,352.85278
2654,426.9774
2655,439.3952
2656,289.70502
2657,308.09012
2658,381.66748
2659,396.58423
2660,122.912285
2661,124.91478
2662,213.53328
2663,112.09321
2664,235.28401
2665,163.97426
2666,81.35898
2667,203.75327
2668,127.78434
2669,373.9627
2670,121.06308
2671,114.97902
2672,90.37093
2673,237.63536
2674,279.8847
2675,262.1142
2676,184.20746
2677,348.54553
2678,314.09268
2679,196.2622
2680,319.0838
2681,270.93665
2682,85.78622
2683,317.91183
2684,113.22239
2685,210.03903
2686,110.31928
2687,143.12091
2688,86.04529
2689,90.176735
2690,96.71406
2691,104.90328
2692,109.34577
2693,159.69777
2694,75.788445
2695,104.37261
2696,69.04693
2697,67.913536
2698,78.349144
2699,118.13355
2700,67.27408
2701,67.27408
2702,64.02539
2703,277.9493
2704,117.60642
2705,60.97778
2706,271.4619
2707,114.956375
2708,68.36395
2709,65.714966
2710,76.50584
2711,117.72923
2712,66.90735
2713,66.90735
2714,432.16443
2715,421.37787
2716,356.98502
2717,441.7252
2718,421.37787
2719,419.8509
2720,288.61102
2721,284.16006
2722,387.2447
2723,376.34836
2724,214.2198
2725,93.6615
2726,292.70743
2727,389.05246
2728,336.7454
2729,353.54297
2730,127.47807
2731,137.69943
2732,336.41934
2733,336.7454
2734,255.06975
2735,80.1952
2736,86.468254
2737,64.7337
2738,88.3831
2739,46.07506
2740,63.253616
2741,262.589
2742,113.355385
2743,126.44052
2744,72.01747
2745,146.07495
2746,353.4814
2747,356.63806
2748,268.69885
2749,353.4814
2750,127.23439
2751,361.18985
2752,267.68094
2753,117.143456
2754,77.892975
2755,123.99371
2756,67.04793
2757,120.05747
2758,368.64603
2759,322.00925
2760,348.4094
2761,366.13684
2762,433.699
2763,360.87918
2764,296.08633
2765,319.34988
2766,391.01123
2767,372.91586
2768,130.05469
2769,371.4165
2770,124.4946
2771,115.675835
2772,86.525734
2773,223.34079
2774,270.29037
2775,249.36217
2776,184.67162
2777,395.5013
2778,304.9178
2779,224.91609
2780,319.3058
2781,395.5013
2782,56.731865
2783,123.03989
2784,255.24567
2785,313.5008
2786,71.12811
2787,106.585594
2788,75.166275
2789,127.60637
2790,68.94602
2791,76.069756
2792,71.98444
2793,127.56356
2794,110.86027
2795,129.93782
2796,161.50229
2797,113.30138
2798,144.94402
2799,103.040985
2800,84.51326
2801,189.91783
2802,181.04298
2803,182.18385
2804,256.2563
2805,64.41302
2806,124.86243
2807,124.12058
2808,211.56638
2809,144.39032
2810,106.25822
2811,147.85083
2812,73.74864
2813,89.22692
2814,60.3709
2815,99.78584
2816,44.99713
2817,120.87226
2818,117.37747
2819,185.74358
2820,104.92026
2821,200.27126
2822,153.64687
2823,76.800476
2824,176.18845
2825,261.3888
2826,157.89601
2827,91.999016
2828,143.42441
2829,177.84895
2830,163.70244
2831,108.433235
2832,74.352104
2833,109.15624
2834,80.13162
2835,83.718636
2836,90.58967
2837,52.33479
2838,45.67164
2839,79.00493
2840,86.59102
2841,132.7923
2842,74.754486
2843,135.27571
2844,362.2345
2845,371.13968
2846,235.3274
2847,362.2345
2848,113.04642
2849,298.69156
2850,213.93573
2851,125.29467
2852,79.070244
2853,63.378212
2854,281.73917
2855,118.14568
2856,129.78221
2857,355.6807
2858,123.60592
2859,104.80272
2860,88.55598
2861,233.79793
2862,338.95493
2863,252.0053
2864,182.48312
2865,377.7054
2866,303.5341
2867,223.3115
2868,297.28613
2869,377.7054
2870,348.64346
2871,299.23737
2872,327.7207
2873,346.58057
2874,411.58685
2875,338.02365
2876,281.07724
2877,303.70572
2878,362.35904
2879,352.2557
2880,146.229
2881,144.05594
2882,261.12137
2883,122.91078
2884,150.2306
2885,122.89042
2886,67.89551
2887,107.822815
2888,68.54426
2889,118.873825
2890,64.85803
2891,71.91099
2892,67.344826
2893,128.78047
2894,402.14023
2895,120.79881
2896,120.79881
2897,84.532234
2898,235.01256
2899,391.68378
2900,239.69351
2901,203.99869
2902,402.6168
2903,324.83673
2904,212.3926
2905,347.03445
2906,402.6168
2907,215.32031
2908,89.7904
2909,228.5538
2910,338.01883
2911,348.33163
2912,346.6469
2913,113.21965
2914,122.93002
2915,390.82486
2916,348.33163
2917,233.2213
2918,81.01696
2919,63.499943
2920,270.46594
2921,115.08288
2922,98.51027
2923,129.99268
2924,220.97697
2925,327.82712
2926,79.00113
2927,277.05344
2928,96.45922
2929,185.48631
2930,335.36945
2931,344.72787
2932,235.27257
2933,335.36945
2934,106.98707
2935,327.62714
2936,184.44952
2937,111.97714
2938,72.64388
2939,124.17216
2940,346.8153
2941,130.44687
2942,104.13998
2943,83.01178
2944,236.30028
2945,330.69913
2946,242.51613
2947,176.07932
2948,388.48843
2949,319.97687
2950,215.48953
2951,321.80463
2952,388.48843
2953,92.4383
2954,64.05876
2955,105.58804
2956,44.018654
2957,92.443726
2958,72.07684
2959,95.15569
2960,44.8902
2961,107.059525
2962,105.90526
2963,58.306458
2964,65.558136
2965,128.98915
2966,124.14935
2967,165.6732
2968,74.783394
2969,107.28429
2970,59.75745
2971,112.40722
2972,109.90646
2973,63.235855
2974,122.37587
2975,119.48809
2976,63.235855
2977,59.9663
2978,259.33508
2979,119.30394
2980,157.38365
2981,128.53381
2982,113.53221
2983,113.01888
2984,77.73854
2985,123.81297
2986,126.61379
2987,76.06264
2988,61.359447
2989,93.615814
2990,127.63309
2991,256.47458
2992,302.06458
2993,103.582085
2994,129.31543
2995,198.51375
2996,312.76938
2997,222.28802
2998,84.155655
2999,236.35315
3000,433.23328
3001,448.35385
3002,448.35385
3003,130.63426
3004,135.76418
3005,418.3013
3006,448.35385
3007,209.6748
3008,80.94146
3009,101.0983
3010,141.3635
3011,78.65633
3012,94.355064
3013,78.18213
3014,105.93521
3015,104.30565
3016,150.78636
3017,88.45949
3018,95.8469
3019,188.27847
3020,196.40869
3021,248.54524
3022,62.466454
3023,122.90797
3024,121.008644
3025,210.05875
3026,142.79771
3027,106.57604
3028,186.13641
3029,73.53409
3030,68.25638
3031,73.832085
3032,110.74477
3033,81.24638
3034,61.952946
3035,87.38267
3036,68.25638
3037,68.25638
3038,57.586723
3039,87.71299
3040,138.17673
3041,92.19407
3042,104.58937
3043,151.93465
3044,105.39062
3045,168.11032
3046,124.6795
3047,87.121895
3048,254.28645
3049,155.5442
3050,98.21895
3051,146.97754
3052,171.48053
3053,169.37193
3054,108.51267
3055,85.69214
3056,111.83694
3057,79.22166
3058,82.29754
3059,150.59827
3060,113.024704
3061,110.909836
3062,87.76945
3063,121.971405
3064,178.85452
3065,158.23183
3066,282.32016
3067,258.2324
3068,160.13457
3069,156.53334
3070,96.33394
3071,55.4497
3072,105.79641
3073,47.34803
3074,245.90273
3075,127.65563
3076,143.73415
3077,127.65563
3078,432.44156
3079,418.85434
3080,386.57318
3081,462.37622
3082,418.85434
3083,447.6958
3084,299.96176
3085,301.42166
3086,383.38617
3087,418.89423
3088,266.04956
3089,134.51425
3090,152.7496
3091,134.51425
3092,227.65688
3093,98.93413
3094,279.18295
3095,409.75064
3096,361.97723
3097,440.9586
3098,122.63198
3099,131.10233
3100,384.40222
3101,361.97723
3102,244.47882
3103,82.77866
3104,182.74438
3105,201.90962
3106,226.29077
3107,49.381073
3108,131.51477
3109,107.24114
3110,163.72906
3111,166.81468
3112,107.78676
3113,146.66011
3114,73.71172
3115,69.17708
3116,81.75565
3117,82.72677
3118,127.355354
3119,71.923996
3120,70.912674
3121,185.82008
3122,232.33118
3123,242.84401
3124,52.621994
3125,127.99954
3126,105.68226
3127,201.6543
3128,187.60689
3129,109.71774
3130,173.55386
3131,77.33715
3132,403.75427
3133,400.6221
3134,321.10828
3135,432.2484
3136,400.6221
3137,410.08466
3138,284.9904
3139,295.47415
3140,358.95465
3141,389.1944
3142,83.11676
3143,309.48514
3144,110.89019
3145,202.52481
3146,111.620186
3147,142.10136
3148,142.10136
3149,167.71301
3150,176.27373
3151,141.32632
3152,288.38654
3153,82.05406
3154,60.200138
3155,129.30841
3156,242.8265
3157,81.167145
3158,186.05435
3159,343.1853
3160,360.7616
3161,266.42737
3162,343.1853
3163,128.67581
3164,342.23108
3165,262.7878
3166,120.6979
3167,78.91698
3168,278.10733
3169,86.94865
3170,260.23145
3171,402.7784
3172,425.05695
3173,425.05695
3174,129.39526
3175,131.33592
3176,415.77875
3177,425.05695
3178,211.7575
3179,84.176414
3180,121.06988
3181,106.05934
3182,122.17839
3183,156.52449
3184,106.91369
3185,131.85558
3186,95.793655
3187,80.772705
3188,184.85648
3189,111.835686
3190,141.04158
3191,135.40369
3192,158.51675
3193,174.92613
3194,137.58699
3195,240.09038
3196,93.03957
3197,68.99895
3198,133.7637
3199,206.73827
3200,79.19932
3201,163.5509
3202,65.30548
3203,75.20517
3204,76.096695
3205,118.433945
3206,66.129654
3207,65.83242
3208,66.466896
3209,278.13754
3210,119.395325
3211,113.1632
3212,112.689255
3213,79.508835
3214,123.90849
3215,126.6246
3216,77.51942
3217,62.192097
3218,255.75858
3219,114.68747
3220,143.26396
3221,122.7951
3222,127.82699
3223,363.24554
3224,122.60554
3225,108.83512
3226,90.37761
3227,234.36119
3228,345.35242
3229,257.98456
3230,189.36044
3231,396.1746
3232,311.7208
3233,228.1303
3234,310.20108
3235,396.1746
3236,228.02795
3237,93.467
3238,287.43896
3239,405.99728
3240,356.97305
3241,368.57806
3242,133.42535
3243,131.99567
3244,360.43417
3245,356.97305
3246,261.05475
3247,85.03568
3248,125.72706
3249,71.889984
3250,123.52853
3251,315.23993
3252,288.46887
3253,306.5666
3254,130.40054
3255,209.70416
3256,83.96167
3257,193.24767
3258,96.58696
3259,290.72778
3260,190.47072
3261,294.1917
3262,258.54388
3263,126.53757
3264,150.72871
3265,123.1914
3266,180.37646
3267,182.49081
3268,257.6407
3269,65.53794
3270,123.575745
3271,123.196266
3272,210.53383
3273,144.34187
3274,104.75752
3275,147.47577
3276,73.01103
3277,70.43845
3278,121.53957
3279,71.683304
3280,124.29149
3281,72.157394
3282,73.459496
3283,66.724236
3284,80.74393
3285,97.147125
3286,112.75333
3287,93.645935
3288,67.73776
3289,87.11936
3290,82.81702
3291,66.60811
3292,60.898724
3293,80.74393
3294,120.39418
3295,363.88687
3296,122.23458
3297,110.07065
3298,88.557434
3299,232.6711
3300,267.79694
3301,253.47124
3302,178.4166
3303,331.4155
3304,295.1388
3305,190.46497
3306,303.40768
3307,260.51215
3308,64.977844
3309,283.24313
3310,121.93284
3311,150.4288
3312,112.015656
3313,111.63104
3314,87.79481
3315,122.330635
3316,179.26524
3317,157.78572
3318,281.26553
3319,257.969
3320,158.78839
3321,155.48738
3322,133.689
3323,382.11658
3324,127.253456
3325,119.17118
3326,91.16416
3327,237.10248
3328,307.7591
3329,264.18735
3330,189.23964
3331,415.8385
3332,300.2477
3333,232.98058
3334,313.6311
3335,415.8385
3336,127.55451
3337,363.85223
3338,123.90032
3339,112.37396
3340,84.80525
3341,219.92285
3342,266.91022
3343,242.13287
3344,181.43568
3345,378.3953
3346,294.20584
3347,221.30263
3348,311.4736
3349,378.3953
3350,119.67568
3351,117.77398
3352,198.6775
3353,110.01598
3354,209.88142
3355,155.88336
3356,75.78026
3357,177.88983
3358,333.91965
3359,358.43338
3360,324.61093
3361,376.05862
3362,401.5465
3363,419.94922
3364,285.08862
3365,296.97247
3366,356.80823
3367,374.1445
3368,97.90843
3369,130.13249
3370,204.52243
3371,320.7444
3372,102.49846
3373,108.00681
3374,60.443336
3375,58.116592
3376,125.82757
3377,123.24359
3378,164.95099
3379,71.54835
3380,107.31932
3381,60.760902
3382,436.40466
3383,424.09415
3384,378.42963
3385,457.95386
3386,424.09415
3387,449.1091
3388,304.62308
3389,302.48
3390,385.9806
3391,409.29
3392,66.388824
3393,274.74948
3394,113.87082
3395,111.17989
3396,135.9576
3397,65.89883
3398,68.90222
3399,202.08894
3400,108.750496
3401,76.95098
3402,135.71294
3403,135.71294
3404,63.499943
3405,270.46594
3406,115.08288
3407,96.33465
3408,76.22175
3409,104.0414
3410,48.408558
3411,95.656525
3412,126.28289
3413,252.28354
3414,293.63275
3415,348.64346
3416,299.23737
3417,327.7207
3418,346.58057
3419,411.58685
3420,338.02365
3421,281.07724
3422,303.70572
3423,362.35904
3424,352.2557
3425,171.8516
3426,154.12555
3427,152.49255
3428,118.6942
3429,118.09566
3430,169.37874
3431,255.56
3432,79.92521
3433,106.15243
3434,144.61353
3435,64.62923
3436,54.40963
3437,191.42174
3438,105.715355
3439,64.018616
3440,116.87298
3441,120.12348
3442,140.22038
3443,144.79164
3444,136.07945
3445,73.7591
3446,135.79042
3447,343.2235
3448,349.53082
3449,263.7149
3450,343.2235
3451,119.79022
3452,354.37656
3453,261.73328
3454,112.48665
3455,73.79125
3456,352.5767
3457,360.3385
3458,249.0844
3459,352.5767
3460,113.31045
3461,347.26273
3462,197.72067
3463,122.84076
3464,77.29968
3465,108.367004
3466,108.37822
3467,59.12462
3468,64.35939
3469,131.99706
3470,126.24258
3471,168.12633
3472,75.858406
3473,109.11069
3474,60.466583
3475,109.39586
3476,136.57324
3477,136.57324
3478,161.24364
3479,169.06621
3480,135.14337
3481,276.77774
3482,80.75135
3483,58.374058
3484,125.74307
3485,231.99483
3486,79.14404
3487,178.36009
3488,131.63898
3489,379.0833
3490,125.8062
3491,117.86696
3492,92.89508
3493,239.81499
3494,287.22546
3495,267.13013
3496,189.26566
3497,351.73245
3498,317.69986
3499,200.8285
3500,327.72513
3501,274.61786
3502,150.65588
3503,149.92882
3504,71.686226
3505,133.18617
3506,70.45935
3507,126.038895
3508,74.60609
3509,74.28709
3510,69.83732
3511,127.661575
3512,362.6139
3513,123.70064
3514,109.72717
3515,86.80163
3516,221.38356
3517,299.24417
3518,247.26982
3519,181.32265
3520,386.12457
3521,274.7615
3522,225.3895
3523,293.7822
3524,386.12457
3525,85.43464
3526,123.71422
3527,246.03893
3528,313.02917
3529,125.67704
3530,130.61797
3531,233.79042
3532,331.50778
3533,339.7313
3534,354.7927
3535,272.60516
3536,339.7313
3537,119.72243
3538,336.87274
3539,272.68958
3540,117.69561
3541,76.553185
3542,87.29167
3543,58.780296
3544,96.382355
3545,44.86622
3546,257.51724
3547,124.857864
3548,149.53284
3549,120.59474
3550,63.174084
3551,258.8578
3552,114.484406
3553,111.40042
3554,148.98596
3555,78.30061
3556,63.794834
3557,220.76115
3558,111.40042
3559,71.97617
3560,132.47054
3561,130.3405
3562,99.72898
3563,136.16116
3564,83.03585
3565,90.17801
3566,77.33309
3567,107.1348
3568,108.60774
3569,149.58427
3570,84.0256
3571,90.17801
3572,300.2376
3573,278.078
3574,277.99524
3575,126.66247
3576,200.21312
3577,80.46931
3578,177.3177
3579,82.83174
3580,278.62143
3581,172.50015
3582,287.28662
3583,96.94561
3584,77.25672
3585,117.0978
3586,47.641533
3587,130.9763
3588,358.6036
3589,132.98238
3590,108.431046
3591,85.00408
3592,242.84776
3593,340.8912
3594,249.1612
3595,182.3815
3596,397.99713
3597,330.26086
3598,221.89555
3599,336.72537
3600,397.99713
3601,325.1896
3602,341.5378
3603,252.3262
3604,325.1896
3605,114.67581
3606,336.88297
3607,251.17036
3608,104.13947
3609,70.9203
3610,62.87369
3611,261.88736
3612,111.75836
3613,91.51445
3614,59.350235
3615,47.8855
3616,82.67648
3617,84.93082
3618,102.39691
3619,132.17683
3620,221.99669
3621,325.20486
3622,267.67227
3623,123.705795
3624,161.7694
3625,130.86008
3626,174.7011
3627,147.52284
3628,150.09685
3629,113.058426
3630,113.773735
3631,168.85738
3632,237.61508
3633,73.143295
3634,92.581116
3635,62.456745
3636,48.40447
3637,83.47564
3638,85.682465
3639,326.866
3640,339.0241
3641,245.72133
3642,326.866
3643,117.759575
3644,313.38577
3645,234.02321
3646,112.27062
3647,71.39583
3648,216.39813
3649,89.98501
3650,231.9302
3651,395.1378
3652,340.29907
3653,346.42938
3654,123.44996
3655,115.77136
3656,384.95184
3657,340.29907
3658,244.5001
3659,80.99686
3660,135.79874
3661,144.16808
3662,255.39432
3663,129.53474
3664,143.62047
3665,129.53474
3666,90.62592
3667,68.06561
3668,108.00536
3669,44.36448
3670,112.602936
3671,125.05025
3672,191.43549
3673,102.74023
3674,199.0432
3675,142.04346
3676,86.92903
3677,176.44225
3678,314.32022
3679,280.0037
3680,307.57288
3681,135.92453
3682,198.72546
3683,84.03319
3684,178.92754
3685,88.62258
3686,292.30612
3687,182.6169
3688,340.38928
3689,272.76428
3690,124.84226
3691,150.30774
3692,122.37384
3693,261.6422
3694,125.47595
3695,151.99687
3696,122.31247
3697,68.74877
3698,110.67069
3699,72.136765
3700,123.66842
3701,71.078415
3702,68.75141
3703,67.80581
3704,170.88475
3705,156.16801
3706,151.95697
3707,117.86191
3708,115.72085
3709,170.94109
3710,247.6238
3711,81.07261
3712,276.37628
3713,127.864
3714,160.6326
3715,128.99654
3716,411.34766
3717,412.45663
3718,349.94632
3719,423.42648
3720,412.45663
3721,414.58072
3722,285.26337
3723,279.91638
3724,376.71634
3725,362.1771
3726,93.48828
3727,127.00145
3728,223.54564
3729,316.83414
3730,62.522144
3731,259.83936
3732,114.74622
3733,105.40093
3734,106.879654
3735,57.31539
3736,53.403637
3737,122.22775
3738,117.696846
3739,163.13213
3740,62.817337
3741,108.06095
3742,73.62142
3743,96.44344
3744,54.7972
3745,48.751377
3746,83.50711
3747,91.87868
3748,210.7238
3749,89.54866
3750,253.64005
3751,391.24594
3752,341.55234
3753,353.89078
3754,133.5424
3755,137.9085
3756,370.24182
3757,341.55234
3758,252.61551
3759,82.05064
3760,115.56623
3761,126.8218
3762,223.9576
3763,330.28934
3764,259.4854
3765,123.46634
3766,151.15111
3767,124.01068
3768,121.79692
3769,118.79209
3770,186.9524
3771,113.00562
3772,207.55397
3773,155.55838
3774,75.57661
3775,176.96965
3776,82.61793
3777,46.01968
3778,106.68441
3779,142.27258
3780,83.80456
3781,61.376713
3782,212.30373
3783,106.68441
3784,71.08041
3785,128.56143
3786,127.84627
3787,102.59555
3788,101.77102
3789,57.16937
3790,59.095898
3791,124.544365
3792,119.640335
3793,158.67264
3794,71.70829
3795,103.97995
3796,55.612564
3797,114.434265
3798,144.61024
3799,126.2953
3800,166.37488
3801,172.69534
3802,144.88654
3803,239.51442
3804,77.313965
3805,72.9742
3806,136.12505
3807,207.52377
3808,80.58075
3809,163.79868
3810,142.99368
3811,94.25373
3812,107.28928
3813,159.27728
3814,107.902374
3815,174.74365
3816,130.46754
3817,95.85219
3818,67.69332
3819,77.40946
3820,116.172745
3821,73.338715
3822,67.12836
3823,90.24976
3824,72.7725
3825,77.40946
3826,62.270363
3827,91.51836
3828,61.31951
3829,268.81604
3830,112.86319
3831,96.430275
3832,361.17883
3833,131.25616
3834,228.07396
3835,231.75206
3836,100.17095
3837,252.84232
3838,425.90778
3839,361.53098
3840,372.0608
3841,135.01535
3842,126.699974
3843,416.4085
3844,361.53098
3845,261.98175
3846,85.49692
3847,90.62592
3848,68.06561
3849,108.00536
3850,44.36448
3851,127.1978
3852,360.15234
3853,120.799965
3854,110.798584
3855,85.86872
3856,224.77821
3857,295.87573
3858,247.91673
3859,181.30156
3860,384.87454
3861,271.83536
3862,226.07004
3863,289.57608
3864,384.87454
3865,152.92334
3866,125.20235
3867,129.50432
3868,78.672585
3869,117.94303
3870,172.6981
3871,148.5097
3872,251.4147
3873,249.07097
3874,153.18619
3875,153.8464
3876,64.61427
3877,274.5752
3878,114.05181
3879,296.7022
3880,281.36996
3881,308.7899
3882,135.77791
3883,199.74442
3884,84.45863
3885,183.59999
3886,89.16598
3887,290.0089
3888,184.99817
3889,334.3909
3890,139.13768
3891,94.06676
3892,123.04937
3893,158.39876
3894,83.41478
3895,167.717
3896,127.559746
3897,100.98838
3898,83.10655
3899,47.16475
3900,45.738724
3901,114.739914
3902,141.28247
3903,140.14766
3904,166.23274
3905,173.03264
3906,143.11531
3907,279.75772
3908,90.57139
3909,67.8169
3910,132.72705
3911,232.36664
3912,77.42168
3913,181.69263
3914,84.053276
3915,46.392006
3916,44.80422
3917,233.89108
3918,83.02561
3919,256.9149
3920,435.17264
3921,444.428
3922,444.428
3923,134.98105
3924,137.70293
3925,410.36566
3926,444.428
3927,222.5535
3928,81.20738
3929,180.15945
3930,189.96336
3931,228.32298
3932,58.482506
3933,126.582695
3934,117.77951
3935,205.97537
3936,163.44035
3937,107.64015
3938,181.42465
3939,74.22576
3940,126.99298
3941,400.50308
3942,121.00374
3943,121.00374
3944,92.12533
3945,231.4424
3946,388.5879
3947,232.5513
3948,201.40028
3949,399.2019
3950,322.46237
3951,207.3442
3952,352.80408
3953,399.2019
3954,101.0983
3955,141.3635
3956,78.65633
3957,94.355064
3958,78.18213
3959,105.93521
3960,104.30565
3961,150.78636
3962,88.45949
3963,95.8469
3964,417.57336
3965,417.45117
3966,335.69772
3967,448.17786
3968,417.45117
3969,432.199
3970,300.5389
3971,310.2618
3972,378.0871
3973,408.18506
3974,60.90504
3975,268.18835
3976,118.8517
3977,251.96709
3978,86.839485
3979,236.73224
3980,411.7503
3981,439.61234
3982,439.61234
3983,137.25513
3984,136.89046
3985,414.1587
3986,439.61234
3987,218.96867
3988,82.35429
3989,136.7298
3990,92.3648
3991,121.614845
3992,155.23758
3993,81.97769
3994,163.62404
3995,124.805336
3996,100.165474
3997,129.05843
3998,366.40186
3999,129.17992
4000,109.13577
4001,87.384224
4002,245.27983
4003,347.33746
4004,255.90706
4005,184.48816
4006,408.7117
4007,336.93008
4008,225.73952
4009,344.1343
4010,408.7117
4011,333.42154
4012,353.27814
4013,324.605
4014,371.3438
4015,393.41492
4016,413.76776
4017,278.91724
4018,294.95773
4019,348.7286
4020,370.87576
4021,80.0502
4022,50.99601
4023,43.982765
4024,327.7073
4025,340.47974
4026,268.04074
4027,327.7073
4028,107.86297
4029,338.88245
4030,215.7763
4031,114.37361
4032,71.889946
4033,269.6342
4034,84.650246
4035,261.80075
4036,385.18817
4037,401.58743
4038,401.58743
4039,121.02717
4040,130.20007
4041,395.08835
4042,401.58743
4043,208.40952
4044,79.286606
4045,86.34459
4046,291.8736
4047,117.29429
4048,192.59521
4049,108.70624
4050,121.91738
4051,254.62486
4052,258.4406
4053,100.7926
4054,89.50753
4055,117.91443
4056,160.80086
4057,93.53087
4058,85.84304
4059,98.89204
4060,84.32647
4061,186.38826
4062,147.54901
4063,120.60368
4064,122.68881
4065,74.79755
4066,113.416374
4067,165.44006
4068,141.66347
4069,241.84222
4070,238.92256
4071,149.04199
4072,146.18524
4073,168.30711
4074,153.59192
4075,151.75558
4076,116.78532
4077,117.15793
4078,167.59422
4079,251.91644
4080,78.98379
4081,345.56662
4082,350.59814
4083,224.86546
4084,345.56662
4085,111.22464
4086,271.6242
4087,205.2838
4088,123.68125
4089,71.524086
4090,169.93141
4091,132.26588
4092,138.61632
4093,108.98676
4094,111.97117
4095,156.88852
4096,270.72552
4097,77.2831
4098,90.47254
4099,69.7552
4100,54.014816
4101,94.07179
4102,92.92229
4103,264.06262
4104,90.02495
4105,260.58875
4106,452.13928
4107,464.42163
4108,464.42163
4109,141.57597
4110,144.32744
4111,433.79395
4112,464.42163
4113,226.38606
4114,84.92491
4115,77.71036
4116,86.716866
4117,113.14019
4118,68.36762
4119,64.40836
4120,86.604546
4121,81.23751
4122,80.64729
4123,61.731728
4124,81.23751
4125,197.89262
4126,229.70035
4127,256.02173
4128,54.098396
4129,141.06682
4130,115.68785
4131,200.4878
4132,185.0588
4133,111.3686
4134,176.93513
4135,77.055695
4136,336.47833
4137,342.18204
4138,262.4673
4139,336.47833
4140,102.03237
4141,315.19333
4142,223.12631
4143,103.78865
4144,71.319275
4145,69.04693
4146,67.913536
4147,78.349144
4148,118.13355
4149,67.27408
4150,67.27408
4151,346.4213
4152,309.15356
4153,326.27762
4154,138.85841
4155,225.65178
4156,89.12829
4157,184.04402
4158,83.686195
4159,329.29276
4160,193.16833
4161,347.91925
4162,109.324974
4163,134.63187
4164,117.70434
4165,153.2927
4166,157.72353
4167,136.04642
4168,218.13948
4169,74.07351
4170,57.949036
4171,131.25078
4172,194.04004
4173,70.38649
4174,154.1083
4175,71.91672
4176,121.810455
4177,74.07394
4178,128.26573
4179,74.010506
4180,74.58619
4181,67.52456
4182,81.34582
4183,297.98123
4184,112.50878
4185,200.08131
4186,60.56549
4187,257.71338
4188,112.42769
4189,115.74247
4190,140.71837
4191,142.07315
4192,167.56912
4193,185.5793
4194,144.46753
4195,255.38885
4196,77.612526
4197,70.39056
4198,132.99432
4199,214.92636
4200,80.40377
4201,166.83122
4202,360.49832
4203,312.63617
4204,340.4737
4205,357.37296
4206,424.67447
4207,354.46613
4208,291.35403
4209,313.4675
4210,377.95908
4211,363.56567
4212,169.93141
4213,132.26588
4214,138.61632
4215,108.98676
4216,111.97117
4217,156.88852
4218,270.72552
4219,77.2831
4220,89.22692
4221,60.3709
4222,99.78584
4223,44.99713
4224,256.54572
4225,128.25148
4226,142.41257
4227,128.25148
4228,96.385704
4229,70.174065
4230,116.804794
4231,49.311623
4232,136.86328
4233,141.2334
4234,77.551445
4235,275.12216
4236,102.155174
4237,184.25975
4238,299.3724
4239,272.27637
4240,288.36496
4241,122.60497
4242,196.92458
4243,79.141716
4244,185.19385
4245,92.510605
4246,274.31577
4247,184.30568
4248,277.2658
4249,124.70376
4250,371.3693
4251,119.619934
4252,119.619934
4253,83.93866
4254,229.57788
4255,365.90836
4256,229.3979
4257,203.06027
4258,388.65573
4259,319.63443
4260,202.75749
4261,337.46576
4262,388.65573
4263,194.29083
4264,205.18494
4265,246.85759
4266,61.99887
4267,131.69513
4268,122.73646
4269,217.04588
4270,174.3882
4271,111.69321
4272,188.43753
4273,79.50256
4274,257.76346
4275,135.82979
4276,149.93196
4277,135.82979
4278,187.82106
4279,216.90698
4280,224.41353
4281,45.924988
4282,140.00421
4283,109.745094
4284,191.67075
4285,179.82738
4286,109.11687
4287,171.42201
4288,74.909134
4289,271.4849
4290,132.95189
4291,159.18333
4292,129.14969
4293,303.8058
4294,278.31125
4295,305.83832
4296,129.88457
4297,200.74603
4298,84.03749
4299,184.8078
4300,91.63957
4301,269.75717
4302,183.50526
4303,303.08896
4304,355.31567
4305,360.64545
4306,235.3276
4307,355.31567
4308,113.93908
4309,289.35413
4310,214.14212
4311,127.71369
4312,77.65147
4313,288.138
4314,132.75684
4315,160.37997
4316,129.39963
4317,88.33577
4318,54.129066
4319,110.516624
4320,47.109165
4321,61.75531
4322,260.564
4323,114.26534
4324,79.099236
4325,78.13692
4326,114.04939
4327,84.11005
4328,83.31943
4329,79.099236
4330,77.1688
4331,80.596756
4332,63.884193
4333,262.46933
4334,116.37261
4335,107.36981
4336,136.28572
4337,136.28572
4338,161.78099
4339,168.31448
4340,134.06429
4341,277.71786
4342,80.90244
4343,58.288235
4344,125.65333
4345,233.8886
4346,79.05822
4347,178.06927
4348,148.44826
4349,114.564316
4350,111.508514
4351,85.54678
4352,120.089806
4353,181.89885
4354,154.54297
4355,300.3333
4356,258.05588
4357,170.36389
4358,163.47363
4359,114.085144
4360,143.41887
4361,66.910545
4362,70.32302
4363,207.28548
4364,112.39614
4365,77.960205
4366,140.48943
4367,140.48943
4368,73.887405
4369,72.243225
4370,117.15942
4371,83.76971
4372,84.94621
4373,73.887405
4374,71.86741
4375,75.57405
4376,104.419205
4377,121.317245
4378,253.72557
4379,258.94016
4380,349.91055
4381,356.10904
4382,283.31393
4383,349.91055
4384,115.713356
4385,359.112
4386,232.761
4387,120.25662
4388,77.468506
4389,144.51694
4390,113.940094
4391,106.18285
4392,159.15636
4393,94.10948
4394,179.32191
4395,133.5234
4396,94.006004
4397,100.826035
4398,139.34752
4399,78.45578
4400,100.39494
4401,77.65777
4402,103.56929
4403,104.058304
4404,149.08147
4405,77.71219
4406,100.39494
4407,75.39818
4408,80.596756
4409,109.94992
4410,83.505424
4411,62.170845
4412,86.985344
4413,75.39818
4414,75.39818
4415,58.359158
4416,96.38636
4417,61.416065
4418,258.69296
4419,110.95397
4420,345.21024
4421,352.12793
4422,279.12195
4423,345.21024
4424,113.92943
4425,356.63263
4426,230.62244
4427,120.39849
4428,77.21715
4429,118.3513
4430,100.552536
4431,122.542465
4432,154.19429
4433,114.31722
4434,129.56827
4435,101.96418
4436,79.67221
4437,180.65704
4438,180.08398
4439,139.91855
4440,145.68777
4441,116.09102
4442,119.00377
4443,167.45734
4444,285.12906
4445,80.581055
4446,139.69319
4447,143.24634
4448,187.1512
4449,224.71707
4450,235.04507
4451,54.145367
4452,123.24499
4453,104.65668
4454,194.38425
4455,185.6452
4456,105.05151
4457,171.8664
4458,72.48682
4459,67.66249
4460,121.71246
4461,246.88666
4462,305.1287
4463,99.90296
4464,90.55371
4465,118.08059
4466,161.69296
4467,95.58105
4468,84.61101
4469,101.06689
4470,84.783104
4471,188.10477
4472,99.59529
4473,96.98772
4474,109.84326
4475,158.68906
4476,95.467186
4477,103.82799
4478,118.17556
4479,80.57477
4480,187.07541
4481,152.25955
4482,130.43869
4483,133.52292
4484,104.48299
4485,107.73369
4486,155.51018
4487,218.82753
4488,71.93861
4489,212.96434
4490,92.67843
4491,229.76086
4492,343.00235
4493,349.66583
4494,347.4549
4495,120.632065
4496,125.72413
4497,384.62964
4498,349.66583
4499,231.63753
4500,82.35251
4501,112.014244
4502,139.64702
4503,121.373055
4504,158.9108
4505,163.70544
4506,140.72684
4507,226.65533
4508,80.624306
4509,62.132404
4510,135.99944
4511,201.38446
4512,74.89011
4513,159.48604
4514,126.39349
4515,356.37225
4516,120.041275
4517,102.10055
4518,88.40695
4519,233.41081
4520,336.82324
4521,252.41644
4522,183.37767
4523,371.94022
4524,301.79752
4525,224.48749
4526,298.11478
4527,371.94022
4528,89.06941
4529,61.837147
4530,100.9461
4531,45.17488
4532,88.64373
4533,301.43222
4534,113.59772
4535,199.33304
4536,266.29172
4537,90.36111
4538,249.36624
4539,448.7726
4540,466.34415
4541,466.34415
4542,141.75706
4543,144.55312
4544,440.61484
4545,466.34415
4546,223.2014
4547,84.81576
4548,124.73773
4549,66.33994
4550,120.52056
4551,134.3456
4552,76.06994
4553,129.85957
4554,85.30824
4555,63.833595
4556,51.56761
4557,89.76703
4558,88.409935
4559,62.20757
4560,265.58694
4561,117.38975
4562,109.21677
4563,108.577255
4564,68.86222
4565,119.009224
4566,116.494
4567,68.86222
4568,57.177647
4569,111.3665
4570,126.38558
4571,204.70868
4572,318.28937
4573,253.64284
4574,152.79572
4575,82.679016
4576,142.96072
4577,167.66078
4578,159.55716
4579,106.23154
4580,72.54949
4581,107.09925
4582,79.65529
4583,78.64621
4584,120.889565
4585,100.96758
4586,121.8338
4587,157.64902
4588,113.13261
4589,94.62175
4590,103.818405
4591,84.67883
4592,187.62627
4593,130.93706
4594,134.03435
4595,165.07877
4596,140.76147
4597,143.21199
4598,105.88267
4599,107.840744
4600,159.87125
4601,225.19273
4602,69.143105
4603,105.03103
4604,123.56205
4605,257.03424
4606,275.4116
4607,135.50331
4608,143.34094
4609,193.5178
4610,213.27585
4611,255.23915
4612,61.265015
4613,127.24201
4614,118.770454
4615,219.56085
4616,173.8925
4617,110.17553
4618,193.34377
4619,77.31399
4620,333.91965
4621,358.63123
4622,324.61093
4623,376.26126
4624,401.5465
4625,419.94922
4626,285.08862
4627,296.97247
4628,356.80823
4629,374.1445
4630,91.0907
4631,72.87577
4632,97.426025
4633,47.36922
4634,336.47833
4635,342.18204
4636,262.4673
4637,336.47833
4638,102.03237
4639,315.19333
4640,223.12631
4641,103.78865
4642,71.319275
4643,226.42845
4644,97.31568
4645,269.6553
4646,413.02362
4647,354.96213
4648,366.76068
4649,132.10641
4650,148.08333
4651,403.05222
4652,354.96213
4653,271.2512
4654,86.44616
4655,349.61697
4656,358.2643
4657,268.10196
4658,349.61697
4659,126.110146
4660,358.0089
4661,268.08047
4662,117.469734
4663,77.21758
4664,255.29924
4665,115.17919
4666,142.3087
4667,124.855545
4668,62.792168
4669,275.48404
4670,114.32996
4671,87.41263
4672,121.83618
4673,249.99988
4674,298.28342
4675,124.291084
4676,383.1339
4677,119.25184
4678,119.25184
4679,90.53568
4680,229.0395
4681,374.1826
4682,229.46118
4683,201.68398
4684,384.90118
4685,319.0543
4686,204.24792
4687,343.47446
4688,384.90118
4689,60.45119
4690,263.6066
4691,114.80385
4692,102.39691
4693,132.17683
4694,221.99669
4695,325.20486
4696,83.44532
4697,277.63867
4698,111.16109
4699,183.7081
4700,123.29939
4701,131.15561
4702,265.5241
4703,287.59323
4704,91.5675
4705,57.067757
4706,103.18337
4707,46.071762
4708,252.30963
4709,133.14842
4710,149.87495
4711,133.14842
4712,125.387344
4713,126.49957
4714,217.38333
4715,115.504585
4716,239.55443
4717,166.19592
4718,82.61803
4719,206.85326
4720,106.439
4721,108.52165
4722,59.831062
4723,69.45491
4724,128.62572
4725,122.95278
4726,170.08463
4727,58.795586
4728,111.84522
4729,72.64806
4730,111.13834
4731,102.75226
4732,119.13464
4733,166.53857
4734,98.590225
4735,87.1439
4736,108.54186
4737,89.36707
4738,195.69696
4739,214.94823
4740,91.854515
4741,230.5145
4742,389.0937
4743,342.1287
4744,348.99963
4745,130.19017
4746,119.0209
4747,373.65503
4748,342.1287
4749,243.51816
4750,82.37277
4751,108.543076
4752,108.10081
4753,57.54611
4754,59.67637
4755,130.26598
4756,126.22337
4757,169.59822
4758,63.684914
4759,108.1563
4760,63.396866
4761,114.518776
4762,116.48177
4763,202.64217
4764,104.902504
4765,206.19118
4766,150.05089
4767,88.30888
4768,185.4349
4769,108.97041
4770,109.14203
4771,66.01456
4772,119.949036
4773,123.54979
4774,64.95805
4775,52.79719
4776,108.10713
4777,140.8959
4778,67.151146
4779,58.16312
4780,189.51717
4781,109.97416
4782,65.542046
4783,128.0168
4784,122.895515
4785,113.66927
4786,143.84557
4787,68.25984
4788,70.222435
4789,208.1008
4790,111.97658
4791,77.09347
4792,139.68047
4793,139.68047
4794,190.70273
4795,234.90897
4796,242.07115
4797,56.616333
4798,126.50502
4799,104.97659
4800,205.0958
4801,193.48494
4802,110.085175
4803,177.50914
4804,76.20572
4805,104.47496
4806,95.424644
4807,113.943535
4808,162.63387
4809,106.31485
4810,103.14523
4811,124.483154
4812,84.56166
4813,192.59831
4814,79.4072
4815,42.645157
4816,41.63381
4817,62.414597
4818,263.2111
4819,112.913
4820,336.17374
4821,341.58194
4822,216.31975
4823,336.17374
4824,110.27854
4825,338.1103
4826,202.94067
4827,120.22372
4828,75.43398
4829,343.9287
4830,349.9626
4831,222.40971
4832,343.9287
4833,107.67967
4834,271.45737
4835,203.3838
4836,117.05141
4837,72.00988
4838,117.03496
4839,128.50426
4840,202.42395
4841,105.45536
4842,209.38419
4843,148.27164
4844,88.815155
4845,187.1043
4846,90.86681
4847,127.25561
4848,256.8414
4849,306.9786
4850,87.72457
4851,101.52532
4852,119.48229
4853,95.14989
4854,71.78702
4855,92.79345
4856,92.24827
4857,69.17794
4858,65.2749
4859,87.72457
4860,375.19302
4861,408.11346
4862,346.00778
4863,442.7224
4864,408.11346
4865,423.45703
4866,299.78506
4867,313.35443
4868,369.10608
4869,383.45932
4870,148.07097
4871,88.01774
4872,140.71489
4873,168.7258
4874,153.60168
4875,108.070076
4876,90.976555
4877,111.87125
4878,77.46761
4879,124.927315
4880,70.55184
4881,101.124954
4882,94.07679
4883,123.565674
4884,251.31944
4885,295.37527
4886,95.91143
4887,61.453266
4888,108.402626
4889,48.555622
4890,84.604836
4891,52.774536
4892,96.09981
4893,44.8027
4894,328.28177
4895,286.119
4896,321.99796
4897,137.94463
4898,215.12866
4899,85.59152
4900,186.24918
4901,98.069595
4902,297.84198
4903,193.8568
4904,332.36716
4905,78.14196
4906,44.707493
4907,107.376785
4908,156.4168
4909,70.737274
4910,63.146164
4911,220.92278
4912,104.790985
4913,70.307526
4914,135.71484
4915,135.71484
4916,120.71001
4917,105.184685
4918,124.5592
4919,158.41437
4920,114.27073
4921,93.473145
4922,108.158005
4923,85.56557
4924,189.33522
4925,118.82991
4926,95.71351
4927,120.11111
4928,153.14903
4929,116.28024
4930,131.59184
4931,95.91824
4932,77.98694
4933,179.10431
4934,160.0271
4935,121.41431
4936,121.068344
4937,77.49087
4938,119.57338
4939,171.76941
4940,154.26334
4941,268.65616
4942,251.79518
4943,157.44939
4944,157.066
4945,155.41008
4946,115.64679
4947,117.88171
4948,79.031494
4949,119.96631
4950,177.96233
4951,156.42882
4952,276.6241
4953,264.26227
4954,168.29259
4955,159.96367
4956,220.9985
4957,93.023186
4958,232.59084
4959,353.84235
4960,356.84915
4961,356.34296
4962,116.342735
4963,126.192345
4964,400.51147
4965,356.84915
4966,234.96826
4967,84.63212
4968,146.60985
4969,88.49789
4970,119.00082
4971,168.00783
4972,111.035675
4973,176.62027
4974,134.21832
4975,112.714386
4976,136.45578
4977,79.349625
4978,90.67376
4979,157.87563
4980,102.2737
4981,168.46152
4982,128.19104
4983,108.41381
4984,143.12593
4985,103.518425
4986,118.71521
4987,166.35225
4988,99.21311
4989,175.02661
4990,134.79971
4991,106.03267
4992,78.98121
4993,126.67243
4994,263.82117
4995,323.2693
4996,231.96886
4997,97.78001
4998,290.5133
4999,411.6852
5000,370.7628
5001,450.5356
5002,130.00305
5003,129.24287
5004,390.9324
5005,370.7628
5006,248.66817
5007,85.07291
5008,127.1719
5009,373.20807
5010,122.65583
5011,122.65583
5012,89.69911
5013,226.06358
5014,372.18515
5015,231.56859
5016,201.22217
5017,386.1099
5018,327.36813
5019,202.80794
5020,351.79056
5021,386.1099
5022,126.57722
5023,359.4535
5024,124.16946
5025,97.026825
5026,79.27166
5027,238.19525
5028,341.32556
5029,241.3514
5030,165.44327
5031,401.1748
5032,329.1582
5033,210.68518
5034,336.3401
5035,401.1748
5036,62.98831
5037,275.50992
5038,119.413086
5039,119.67568
5040,117.77398
5041,198.6775
5042,110.01598
5043,209.88142
5044,155.88336
5045,75.78026
5046,177.88983
5047,69.909386
5048,127.16308
5049,68.28949
5050,121.468765
5051,72.48496
5052,71.82995
5053,67.01787
5054,246.43816
5055,124.71341
5056,143.0061
5057,124.71341
5058,112.162
5059,139.16664
5060,137.37242
5061,163.08353
5062,169.47325
5063,140.21277
5064,274.62033
5065,89.04065
5066,67.01542
5067,130.36235
5068,227.43257
5069,75.190216
5070,178.31702
5071,68.88004
5072,119.575775
5073,72.00686
5074,121.75009
5075,70.28587
5076,71.283714
5077,64.61616
5078,180.15945
5079,189.96336
5080,228.32298
5081,58.482506
5082,126.582695
5083,117.77951
5084,205.97537
5085,163.44035
5086,107.64015
5087,181.42465
5088,74.22576
5089,303.66928
5090,290.16373
5091,317.1655
5092,140.09059
5093,209.26414
5094,87.38112
5095,188.86958
5096,93.02993
5097,297.42465
5098,191.87297
5099,343.42828
5100,196.18832
5101,202.48865
5102,268.53967
5103,63.481037
5104,126.52347
5105,122.16599
5106,218.12477
5107,147.65704
5108,110.13091
5109,191.97243
5110,76.714195
5111,70.676506
5112,129.01405
5113,68.350685
5114,121.57141
5115,73.44419
5116,72.91579
5117,67.82362
5118,138.72186
5119,147.56354
5120,90.04849
5121,64.06282
5122,108.22098
5123,44.383045
5124,89.64522
5125,48.772663
5126,100.64968
5127,46.768345
5128,151.52089
5129,120.19731
5130,120.95301
5131,75.287415
5132,119.12325
5133,173.19745
5134,147.58162
5135,247.61993
5136,247.28227
5137,151.06923
5138,152.04762
5139,65.46563
5140,279.1038
5141,117.254135
5142,88.90491
5143,56.677975
5144,112.18652
5145,45.5931
5146,78.84414
5147,96.67208
5148,115.688576
5149,89.18947
5150,70.01465
5151,88.16659
5152,87.79549
5153,69.25455
5154,64.26324
5155,78.84414
5156,155.41008
5157,115.64679
5158,117.88171
5159,79.031494
5160,119.96631
5161,177.96233
5162,156.42882
5163,276.6241
5164,264.26227
5165,168.29259
5166,159.96367
5167,108.42277
5168,110.5534
5169,186.46431
5170,99.50425
5171,190.51456
5172,140.34328
5173,84.78911
5174,169.8106
5175,72.553474
5176,117.07712
5177,80.29414
5178,131.7629
5179,74.9555
5180,73.3355
5181,71.574455
5182,67.05325
5183,80.74486
5184,78.37424
5185,122.899635
5186,68.358795
5187,68.08575
5188,127.55451
5189,363.85223
5190,123.90032
5191,112.37396
5192,84.80525
5193,219.92285
5194,266.91022
5195,242.13287
5196,181.43568
5197,378.3953
5198,294.20584
5199,221.30263
5200,311.4736
5201,378.3953
5202,350.51
5203,367.7326
5204,338.74384
5205,389.98392
5206,414.70743
5207,434.79156
5208,294.13806
5209,311.61285
5210,366.91455
5211,392.11966
5212,66.273224
5213,74.55037
5214,120.00617
5215,83.171005
5216,86.49155
5217,76.17495
5218,66.273224
5219,68.210686
5220,255.87361
5221,114.707535
5222,141.97327
5223,122.113716
5224,419.36148
5225,405.75726
5226,368.37756
5227,449.06116
5228,405.75726
5229,434.08655
5230,292.54962
5231,297.55692
5232,370.0884
5233,403.8073
5234,419.60422
5235,411.6891
5236,359.05423
5237,436.8296
5238,411.6891
5239,423.18234
5240,286.69693
5241,289.9296
5242,374.57303
5243,373.69174
5244,99.78584
5245,105.77671
5246,59.186634
5247,60.805885
5248,122.36574
5249,119.51096
5250,157.97847
5251,73.07798
5252,104.430046
5253,59.79897
5254,187.78598
5255,149.88995
5256,144.92729
5257,114.1394
5258,116.59247
5259,180.95583
5260,289.54507
5261,75.592735
5262,120.78827
5263,118.24721
5264,186.10963
5265,111.99549
5266,206.10243
5267,154.12245
5268,75.022835
5269,175.14938
5270,105.78275
5271,111.78335
5272,63.207516
5273,62.366116
5274,129.4935
5275,125.67105
5276,168.15283
5277,77.49116
5278,110.51879
5279,67.50547
5280,68.776085
5281,125.54591
5282,253.84413
5283,313.34344
5284,212.83821
5285,89.33251
5286,230.97935
5287,339.86905
5288,351.51672
5289,348.54675
5290,115.01723
5291,123.32866
5292,388.04803
5293,351.51672
5294,232.01976
5295,81.936424
5296,63.884193
5297,262.46933
5298,116.37261
5299,151.78404
5300,119.26269
5301,120.91234
5302,75.97013
5303,118.807205
5304,172.49576
5305,147.49742
5306,247.38176
5307,246.71104
5308,151.03438
5309,152.17528
5310,153.50764
5311,150.17027
5312,88.41201
5313,46.408676
5314,46.01233
5315,92.51686
5316,59.922455
5317,104.78628
5318,42.5416
5319,177.99507
5320,221.93184
5321,227.82986
5322,50.839397
5323,124.89589
5324,106.58166
5325,194.99821
5326,184.63039
5327,106.75436
5328,171.95721
5329,74.36742
5330,117.36759
5331,101.332
5332,138.30972
5333,163.62521
5334,98.87895
5335,154.17297
5336,104.228874
5337,85.018074
5338,192.59612
5339,106.50535
5340,131.51501
5341,63.448658
5342,55.506126
5343,183.99522
5344,107.76792
5345,64.61766
5346,125.5455
5347,118.976685
5348,255.87361
5349,114.707535
5350,141.97327
5351,122.113716
5352,279.4328
5353,129.78758
5354,156.75911
5355,128.85431
5356,96.03965
5357,56.932423
5358,110.33057
5359,47.581894
5360,105.75596
5361,101.62878
5362,150.23288
5363,158.48395
5364,104.50937
5365,105.76672
5366,119.16373
5367,82.55888
5368,192.48958
5369,254.28645
5370,155.5442
5371,98.21895
5372,146.97754
5373,171.48053
5374,169.37193
5375,108.51267
5376,85.69214
5377,111.83694
5378,79.22166
5379,82.29754
5380,84.04247
5381,46.545925
5382,216.22247
5383,91.53412
5384,252.35463
5385,397.94592
5386,344.1409
5387,355.1616
5388,120.44398
5389,138.0659
5390,376.8402
5391,344.1409
5392,257.6685
5393,82.840004
5394,106.276955
5395,107.12788
5396,56.806034
5397,59.636806
5398,129.09097
5399,125.0768
5400,169.88412
5401,60.66876
5402,106.73319
5403,63.752064
5404,172.07516
5405,155.63734
5406,151.58054
5407,118.97223
5408,115.95696
5409,171.01813
5410,245.35455
5411,80.15613
5412,99.384834
5413,95.63455
5414,150.21434
5415,152.57445
5416,98.08012
5417,92.60461
5418,109.86874
5419,78.75594
5420,187.05037
5421,69.35571
5422,128.50845
5423,115.805336
5424,122.345085
5425,69.353966
5426,66.175064
5427,67.44402
5428,343.62698
5429,388.87393
5430,317.20056
5431,422.65775
5432,388.87393
5433,397.68607
5434,280.8975
5435,293.79495
5436,343.6861
5437,358.41864
5438,107.32969
5439,132.61798
5440,130.79808
5441,155.7524
5442,162.46606
5443,134.39442
5444,263.91376
5445,82.41332
5446,63.31745
5447,127.05313
5448,218.95874
5449,71.61687
5450,171.30786
5451,345.3619
5452,353.3232
5453,278.97464
5454,345.3619
5455,114.135895
5456,353.41107
5457,231.01755
5458,119.87645
5459,77.717285
5460,81.05654
5461,43.69509
5462,42.999386
5463,108.12439
5464,105.8082
5465,188.20424
5466,104.81721
5467,183.32716
5468,135.8546
5469,94.137436
5470,173.57301
5471,187.1512
5472,224.71707
5473,235.04507
5474,54.145367
5475,123.24499
5476,104.65668
5477,194.38425
5478,185.6452
5479,105.05151
5480,171.8664
5481,72.48682
5482,90.6217
5483,66.51215
5484,93.44338
5485,45.62701
5486,85.904144
5487,87.86917
5488,114.62859
5489,71.1646
5490,65.67279
5491,86.80312
5492,86.02042
5493,82.966484
5494,62.5822
5495,86.02042
5496,251.55943
5497,147.18806
5498,97.465096
5499,140.20067
5500,170.11966
5501,155.5103
5502,106.05223
5503,86.63651
5504,104.56136
5505,76.62815
5506,78.404785
5507,126.39349
5508,356.37225
5509,120.041275
5510,102.10055
5511,88.40695
5512,233.41081
5513,336.82324
5514,252.41644
5515,183.37767
5516,371.94022
5517,301.79752
5518,224.48749
5519,298.11478
5520,371.94022
5521,124.18287
5522,347.47675
5523,124.955795
5524,98.557976
5525,79.17433
5526,242.82475
5527,331.02005
5528,237.10638
5529,165.0585
5530,393.43628
5531,319.92706
5532,210.83887
5533,319.17764
5534,393.43628
5535,134.55806
5536,61.03737
5537,73.01508
5538,99.25132
5539,111.510025
5540,152.2589
5541,96.22208
5542,74.256004
5543,84.23126
5544,83.4226
5545,119.37586
5546,74.511375
5547,68.48124
5548,90.26866
5549,86.459854
5550,84.4799
5551,63.629368
5552,86.459854
5553,146.61969
5554,102.24181
5555,117.69414
5556,168.54501
5557,99.595634
5558,178.90062
5559,137.21779
5560,109.5419
5561,141.1431
5562,81.3516
5563,106.28738
5564,165.5279
5565,105.3338
5566,172.2199
5567,134.57832
5568,110.292946
5569,84.63812
5570,48.825
5571,47.64017
5572,127.04511
5573,352.32324
5574,124.688385
5575,103.95606
5576,89.37935
5577,230.19832
5578,334.4068
5579,253.08707
5580,183.0788
5581,369.98056
5582,303.57974
5583,225.82513
5584,298.92526
5585,369.98056
5586,102.42922
5587,142.28558
5588,81.813614
5589,80.69458
5590,71.42714
5591,106.099846
5592,105.692314
5593,152.15652
5594,100.94922
5595,88.75187
5596,109.45787
5597,133.34114
5598,133.34114
5599,151.92477
5600,173.74054
5601,129.24562
5602,245.82515
5603,67.27044
5604,67.003975
5605,127.11643
5606,209.27963
5607,74.06007
5608,162.89774
5609,143.72612
5610,147.5435
5611,135.23116
5612,384.3931
5613,128.65659
5614,120.15988
5615,90.36636
5616,231.96342
5617,280.20236
5618,258.87854
5619,191.47537
5620,409.13327
5621,316.92566
5622,233.9616
5623,329.3594
5624,409.13327
5625,135.88753
5626,77.75263
5627,105.214714
5628,156.58093
5629,101.93306
5630,164.45154
5631,124.19824
5632,107.16743
5633,105.10246
5634,148.17897
5635,72.31018
5636,55.654747
5637,200.37149
5638,106.46919
5639,69.76842
5640,123.149765
5641,132.06654
5642,77.41986
5643,43.51467
5644,96.045685
5645,59.64568
5646,49.299046
5647,87.72319
5648,90.922005
5649,253.82124
5650,151.74562
5651,78.72463
5652,144.57002
5653,168.95158
5654,160.51704
5655,106.56742
5656,67.39197
5657,106.857864
5658,79.40351
5659,78.00764
5660,58.63666
5661,242.08954
5662,110.11672
5663,263.77432
5664,135.18715
5665,153.9257
5666,135.18715
5667,126.52948
5668,361.83072
5669,122.93157
5670,111.10033
5671,85.78528
5672,220.38805
5673,269.16415
5674,242.08319
5675,184.1041
5676,377.24945
5677,290.32413
5678,220.6335
5679,308.29544
5680,377.24945
5681,179.33366
5682,190.63934
5683,229.51099
5684,58.306896
5685,124.0418
5686,116.39887
5687,204.37053
5688,164.67441
5689,106.84272
5690,180.6515
5691,73.876656
5692,133.35864
5693,60.482212
5694,71.50175
5695,105.84461
5696,107.91771
5697,152.13121
5698,93.72861
5699,73.38936
5700,255.61806
5701,111.08374
5702,142.15866
5703,122.62757
5704,361.6955
5705,310.59384
5706,341.1988
5707,357.6155
5708,432.1569
5709,445.7952
5710,293.44373
5711,312.56488
5712,386.89682
5713,401.7993
5714,106.79078
5715,141.52177
5716,64.31576
5717,62.99833
5718,214.73923
5719,109.02175
5720,68.53261
5721,122.63716
5722,133.6566
5723,353.63556
5724,357.85498
5725,224.97789
5726,353.63556
5727,113.747574
5728,356.58057
5729,210.9162
5730,121.41517
5731,77.6949
5732,111.626755
5733,147.43195
5734,71.74664
5735,66.49125
5736,222.68344
5737,113.56589
5738,71.75275
5739,129.7073
5740,138.49934
5741,216.62767
5742,94.72718
5743,281.24988
5744,400.94385
5745,355.13962
5746,368.04883
5747,128.57088
5748,135.04266
5749,351.35953
5750,355.13962
5751,248.53978
5752,82.10922
5753,96.62509
5754,64.01953
5755,122.35479
5756,49.78965
5757,106.907166
5758,136.57307
5759,119.533424
5760,157.30623
5761,165.27733
5762,135.77191
5763,228.18933
5764,70.22379
5765,67.817276
5766,129.68816
5767,197.55507
5768,76.01842
5769,155.47697
5770,61.658287
5771,248.23076
5772,119.245026
5773,185.92595
5774,208.69058
5775,230.46675
5776,49.20047
5777,136.4853
5778,110.17023
5779,171.12614
5780,171.63535
5781,110.518745
5782,151.6441
5783,75.08449
5784,126.819435
5785,71.56445
5786,121.62021
5787,338.97678
5788,345.83856
5789,261.3704
5790,338.97678
5791,103.25843
5792,323.50677
5793,228.69011
5794,106.48793
5795,72.29073
5796,126.41802
5797,370.94113
5798,120.452415
5799,111.27814
5800,87.08798
5801,221.85701
5802,303.70132
5803,253.64005
5804,183.61488
5805,401.94733
5806,289.68307
5807,226.86032
5808,306.07718
5809,401.94733
5810,61.07585
5811,268.92215
5812,120.435165
5813,87.160194
5814,46.62257
5815,44.351685
5816,83.67437
5817,47.698467
5818,127.35871
5819,130.1822
5820,200.65714
5821,319.59848
5822,109.31047
5823,110.07045
5824,60.632404
5825,60.310375
5826,125.70206
5827,122.07053
5828,170.43283
5829,70.77555
5830,112.46144
5831,78.09444
5832,353.64008
5833,358.9102
5834,269.70944
5835,353.64008
5836,108.72645
5837,335.99106
5838,237.97742
5839,111.31934
5840,74.88502
5841,81.85656
5842,42.69915
5843,41.522243
5844,131.53537
5845,383.50464
5846,125.3882
5847,117.759476
5848,91.281425
5849,232.4389
5850,313.90942
5851,265.3167
5852,189.26744
5853,415.0761
5854,302.45102
5855,238.12393
5856,316.43378
5857,415.0761
5858,416.68607
5859,419.6215
5860,355.4616
5861,431.70886
5862,419.6215
5863,421.39456
5864,282.95642
5865,281.38287
5866,382.62387
5867,367.6296
5868,139.45361
5869,67.76
5870,74.95839
5871,102.762695
5872,117.03773
5873,158.77135
5874,101.54448
5875,81.554504
5876,132.18642
5877,73.67675
5878,138.31187
5879,191.83176
5880,188.67458
5881,276.37408
5882,66.91138
5883,133.01497
5884,126.11743
5885,222.45299
5886,148.44041
5887,112.54087
5888,153.0618
5889,78.78611
5890,141.41736
5891,80.60654
5892,111.11888
5893,159.45055
5894,103.50222
5895,168.99866
5896,128.14046
5897,108.260864
5898,153.66747
5899,129.47823
5900,133.34427
5901,105.46976
5902,108.276566
5903,155.81871
5904,219.56612
5905,71.64586
5906,112.41329
5907,96.99373
5908,121.38499
5909,159.2999
5910,93.85948
5911,145.69556
5912,95.4355
5913,81.23466
5914,185.6027
5915,70.98608
5916,114.022484
5917,77.5569
5918,128.03268
5919,72.68448
5920,70.859726
5921,69.456215
5922,352.76007
5923,303.68225
5924,332.32538
5925,351.07507
5926,418.61038
5927,341.57968
5928,281.0487
5929,305.51105
5930,368.41858
5931,354.0483
5932,261.65393
5933,84.95319
5934,252.44528
5935,414.3197
5936,439.30734
5937,439.30734
5938,130.76863
5939,138.21632
5940,402.2054
5941,439.30734
5942,206.90233
5943,81.92714
5944,107.19003
5945,129.57303
5946,212.81029
5947,316.2683
5948,102.53855
5949,145.6563
5950,79.81661
5951,100.00908
5952,79.250145
5953,108.88603
5954,106.137985
5955,153.2044
5956,99.6623
5957,101.46598
5958,213.32039
5959,92.71345
5960,280.1774
5961,398.9646
5962,347.5081
5963,429.48523
5964,114.95382
5965,125.54219
5966,369.93835
5967,347.5081
5968,241.4245
5969,81.564804
5970,135.32523
5971,142.5323
5972,261.70367
5973,162.08763
5974,105.62989
5975,151.97688
5976,178.51987
5977,173.52821
5978,114.22547
5979,86.63698
5980,116.11626
5981,82.68829
5982,85.27414
5983,95.82996
5984,125.33419
5985,257.96597
5986,328.64368
5987,78.35634
5988,43.97594
5989,79.36013
5990,50.617252
5991,43.011375
5992,269.88098
5993,164.44278
5994,96.19908
5995,146.17036
5996,185.18048
5997,169.65398
5998,113.573326
5999,82.460915
6000,113.165855
6001,81.57075
6002,87.31169
6003,124.70376
6004,371.3693
6005,119.619934
6006,119.619934
6007,83.93866
6008,229.57788
6009,365.90836
6010,229.3979
6011,203.06027
6012,388.65573
6013,319.63443
6014,202.75749
6015,337.46576
6016,388.65573
6017,96.82178
6018,58.77064
6019,107.952995
6020,47.523556
6021,90.58967
6022,52.33479
6023,45.67164
6024,79.00493
6025,86.59102
6026,104.419205
6027,121.317245
6028,253.72557
6029,258.94016
6030,63.744137
6031,263.5112
6032,113.01284
6033,150.23314
6034,123.70813
6035,126.10961
6036,76.48759
6037,116.09258
6038,168.85823
6039,144.1534
6040,246.29233
6041,243.29819
6042,152.51535
6043,148.79088
6044,82.879036
6045,124.381004
6046,257.45886
6047,329.3932
6048,347.71655
6049,312.56946
6050,332.76926
6051,141.14873
6052,227.54839
6053,89.33446
6054,188.82903
6055,84.128975
6056,331.5308
6057,197.3953
6058,350.8779
6059,125.301155
6060,386.47375
6061,122.701256
6062,101.14759
6063,79.48164
6064,227.74265
6065,368.64743
6066,223.52174
6067,178.28009
6068,389.97006
6069,317.0688
6070,186.9739
6071,337.43906
6072,389.97006
6073,234.1935
6074,100.59292
6075,251.75266
6076,429.48358
6077,364.28683
6078,371.26434
6079,134.57515
6080,128.06229
6081,418.63116
6082,364.28683
6083,259.9396
6084,85.55929
6085,113.58498
6086,145.98552
6087,126.706375
6088,165.46892
6089,174.2005
6090,144.11577
6091,241.86192
6092,76.935776
6093,74.57067
6094,136.8037
6095,210.31021
6096,81.56646
6097,163.86638
6098,252.36592
6099,83.65947
6100,252.78209
6101,387.39252
6102,404.22873
6103,404.22873
6104,124.42319
6105,130.79558
6106,393.27618
6107,404.22873
6108,208.75586
6109,80.15693
6110,176.17024
6111,141.11055
6112,137.33342
6113,107.72302
6114,109.22871
6115,172.188
6116,269.73682
6117,70.68623
6118,96.67154
6119,91.430405
6120,148.16068
6121,151.50824
6122,100.945175
6123,93.93884
6124,106.93803
6125,76.62329
6126,184.54697
6127,86.48754
6128,291.30103
6129,115.67027
6130,192.25471
6131,432.13348
6132,432.24405
6133,383.07156
6134,451.16507
6135,432.24405
6136,447.38678
6137,297.16464
6138,298.26123
6139,396.92578
6140,393.62985
6141,107.89555
6142,139.81053
6143,73.769554
6144,64.303215
6145,212.626
6146,110.36891
6147,69.05127
6148,124.73439
6149,134.11995
6150,62.0798
6151,122.977165
6152,239.38976
6153,309.38757
6154,259.29712
6155,123.39963
6156,149.8312
6157,124.337036
6158,188.3732
6159,139.97108
6160,144.19894
6161,106.8636
6162,110.97616
6163,186.0169
6164,276.6846
6165,70.84833
6166,131.85098
6167,75.73788
6168,151.22714
6169,135.73105
6170,145.22932
6171,104.144615
6172,103.902534
6173,55.246967
6174,55.847862
6175,125.31491
6176,121.81877
6177,162.49779
6178,56.62003
6179,104.32546
6180,60.34459
6181,91.57555
6182,125.46561
6183,250.65515
6184,312.9573
6185,266.76938
6186,129.32138
6187,155.71709
6188,128.46602
6189,148.13792
6190,115.35843
6191,111.60059
6192,84.091194
6193,121.25753
6194,181.74
6195,154.85437
6196,301.729
6197,258.58585
6198,171.14915
6199,164.02606
6200,90.23938
6201,49.699993
6202,102.29256
6203,45.97314
6204,114.015396
6205,93.30806
6206,123.19098
6207,156.49634
6208,89.65453
6209,148.4776
6210,91.50038
6211,80.594734
6212,180.95905
6213,344.04663
6214,356.3838
6215,274.551
6216,344.04663
6217,125.98348
6218,359.6307
6219,274.34598
6220,120.60701
6221,77.749016
6222,253.64284
6223,152.79572
6224,82.679016
6225,142.96072
6226,167.66078
6227,159.55716
6228,106.23154
6229,72.54949
6230,107.09925
6231,79.65529
6232,78.64621
6233,148.44826
6234,114.564316
6235,111.508514
6236,85.54678
6237,120.089806
6238,181.89885
6239,154.54297
6240,300.3333
6241,258.05588
6242,170.36389
6243,163.47363
6244,403.43845
6245,404.068
6246,306.9081
6247,433.7444
6248,404.068
6249,412.34726
6250,284.56232
6251,292.76172
6252,363.44595
6253,391.0734
6254,280.49875
6255,128.85767
6256,155.92834
6257,126.90481
6258,92.51686
6259,59.922455
6260,104.78628
6261,42.5416
6262,124.69607
6263,123.47297
6264,211.13995
6265,115.281685
6266,224.90182
6267,163.74759
6268,79.08293
6269,188.35706
6270,87.08052
6271,47.36388
6272,45.21156
6273,334.4354
6274,343.41754
6275,234.95949
6276,334.4354
6277,108.50465
6278,322.82416
6279,183.65482
6280,113.80517
6281,71.96269
6282,136.48135
6283,79.36913
6284,90.69461
6285,157.90314
6286,102.29584
6287,168.48994
6288,128.21584
6289,108.243164
6290,104.06188
6291,123.68882
6292,258.0424
6293,274.42874
6294,122.48006
6295,360.20953
6296,121.57928
6297,109.81498
6298,87.808426
6299,232.37949
6300,267.90756
6301,252.60733
6302,177.29529
6303,328.08328
6304,294.35144
6305,190.49858
6306,305.48477
6307,255.63776
6308,69.303825
6309,119.42032
6310,244.83292
6311,311.30695
6312,194.9865
6313,201.61852
6314,266.51862
6315,62.526447
6316,128.38763
6317,121.25408
6318,218.2454
6319,146.21881
6320,110.55061
6321,192.25085
6322,76.93196
6323,210.60033
6324,88.555115
6325,249.8201
6326,391.7477
6327,336.99103
6328,351.11118
6329,119.13008
6330,132.01764
6331,377.62283
6332,336.99103
6333,252.00351
6334,82.17617
6335,84.84748
6336,297.82465
6337,113.55024
6338,195.90999
6339,62.137844
6340,275.67773
6341,120.03971
6342,77.869194
6343,44.43359
6344,42.93647
6345,71.9211
6346,126.87834
6347,115.96376
6348,125.289375
6349,72.37179
6350,68.297195
6351,69.60997
6352,65.1263
6353,282.5139
6354,117.16018
6355,127.20993
6356,72.461174
6357,127.634575
6358,340.4306
6359,306.7242
6360,322.7971
6361,135.59824
6362,217.90051
6363,87.31199
6364,184.73038
6365,81.70196
6366,325.1515
6367,188.41512
6368,340.64926
6369,130.82906
6370,402.473
6371,132.30876
6372,119.114494
6373,84.19963
6374,234.49068
6375,384.36035
6376,235.98798
6377,193.05724
6378,400.0973
6379,328.23215
6380,203.47179
6381,355.944
6382,400.0973
6383,87.736916
6384,60.835293
6385,102.36283
6386,48.213406
6387,84.76138
6388,68.57597
6389,114.74063
6390,67.05195
6391,65.42897
6392,87.443214
6393,74.231384
6394,84.76138
6395,57.4851
6396,79.33626
6397,299.90372
6398,272.3975
6399,287.70743
6400,122.20563
6401,195.40785
6402,78.197174
6403,186.08557
6404,91.09749
6405,274.94016
6406,182.70695
6407,277.9172
6408,126.58988
6409,73.24855
6410,148.95224
6411,247.95367
6412,125.945404
6413,142.16644
6414,125.945404
6415,90.19839
6416,67.045685
6417,108.20909
6418,45.579998
6419,252.94852
6420,87.16149
6421,265.24844
6422,413.82642
6423,441.63605
6424,441.63605
6425,135.35173
6426,139.23541
6427,398.6064
6428,441.63605
6429,221.05464
6430,84.46056
6431,73.69758
6432,130.73799
6433,122.18231
6434,129.96915
6435,74.96483
6436,70.271355
6437,71.57168
6438,136.31432
6439,94.12323
6440,126.36598
6441,156.23079
6442,80.353516
6443,164.4158
6444,124.56652
6445,101.99883
6446,142.16998
6447,89.01252
6448,110.38123
6449,158.46587
6450,107.71873
6451,168.94247
6452,129.29062
6453,102.98124
6454,120.697914
6455,119.40748
6456,187.87167
6457,112.47554
6458,208.60085
6459,156.64087
6460,75.525345
6461,177.54713
6462,119.524055
6463,117.77969
6464,199.28203
6465,108.23679
6466,210.39453
6467,157.61247
6468,76.17921
6469,178.99634
6470,105.38251
6471,106.86108
6472,57.301807
6473,53.52843
6474,122.20791
6475,117.677376
6476,163.1092
6477,62.952675
6478,108.0423
6479,73.62142
6480,102.70294
6481,104.009125
6482,57.06775
6483,65.610916
6484,123.983284
6485,118.14048
6486,162.02237
6487,52.812916
6488,108.11094
6489,64.86274
6490,105.8174
6491,147.88799
6492,70.149635
6493,56.813942
6494,200.69424
6495,106.914246
6496,70.169
6497,121.87515
6498,131.54755
6499,107.31282
6500,139.42633
6501,77.90771
6502,64.13847
6503,210.44696
6504,111.01311
6505,68.230095
6506,124.38889
6507,134.17853
6508,217.7948
6509,91.265335
6510,288.16605
6511,403.17743
6512,358.13965
6513,436.6374
6514,125.716705
6515,122.659676
6516,378.4236
6517,358.13965
6518,241.41403
6519,83.39975
6520,234.21709
6521,86.02484
6522,244.20154
6523,432.15125
6524,455.93393
6525,455.93393
6526,137.03743
6527,138.52286
6528,428.6186
6529,455.93393
6530,219.48009
6531,82.91608
6532,261.3995
6533,91.73301
6534,260.01746
6535,406.28857
6536,434.56766
6537,434.56766
6538,142.99599
6539,143.4999
6540,420.37592
6541,434.56766
6542,219.46759
6543,86.14286
6544,150.8797
6545,116.41056
6546,113.085945
6547,86.95599
6548,124.60746
6549,184.93091
6550,157.41881
6551,308.33115
6552,265.62723
6553,173.17563
6554,166.77464
6555,128.31749
6556,370.63174
6557,125.56529
6558,113.47432
6559,87.09464
6560,230.52519
6561,309.3176
6562,256.57626
6563,181.89127
6564,400.677
6565,289.8721
6566,230.3999
6567,302.39835
6568,400.677
6569,220.34323
6570,90.63441
6571,290.51303
6572,406.2097
6573,354.5903
6574,367.7094
6575,123.3537
6576,131.4365
6577,353.30594
6578,354.5903
6579,262.48465
6580,83.49927
6581,110.5098
6582,137.24054
6583,130.8636
6584,156.64189
6585,171.50418
6586,133.35893
6587,236.61963
6588,88.40127
6589,66.0275
6590,129.96767
6591,202.48361
6592,79.01737
6593,161.26999
6594,155.54974
6595,116.04682
6596,117.716095
6597,88.059326
6598,124.8429
6599,183.00012
6600,161.21426
6601,286.8223
6602,261.90143
6603,164.8382
6604,159.75214
6605,126.092545
6606,362.07965
6607,139.01927
6608,101.67385
6609,81.396866
6610,243.40729
6611,342.09503
6612,239.0035
6613,164.82143
6614,397.98944
6615,323.03186
6616,211.1838
6617,328.2273
6618,397.98944
6619,144.58087
6620,102.05476
6621,112.55202
6622,168.44385
6623,100.26977
6624,177.27359
6625,136.0657
6626,109.35331
6627,274.4593
6628,129.6292
6629,158.64015
6630,127.12312
6631,360.81998
6632,365.62317
6633,230.72006
6634,360.81998
6635,114.35506
6636,361.67786
6637,212.80127
6638,126.25243
6639,80.07712
6640,261.93808
6641,141.96649
6642,153.56772
6643,141.96649
